Date,Suspanded Matter,Sulfur dioxide,Carbon monoxide,Nitrogen dioxide,Nitrous oxide,Phenol,Hydrogen chloride,Ammonia,Formaldehyde
2020-01-01,,,,,,,,,
2020-01-02,0.6,0.4,1.6,1.9,0.6,0.9,0.1,0.3,1.2
2020-01-03,0.3,0.5,1.8,1.7,0.5,1.0,0.1,0.3,1.1
2020-01-04,0.3,0.4,1.7,1.7,0.5,1.2,0.1,0.4,1.0
2020-01-05,0.3,0.6,2.1,2.0,0.5,1.4,0.1,0.3,0.9
2020-01-06,0.3,0.55,2.025,1.925,0.5,1.275,0.1,0.325,0.9500000000000001
2020-01-07,0.3,0.5,1.9500000000000002,1.85,0.5,1.15,0.1,0.35,1.0
2020-01-08,0.3,0.45,1.875,1.775,0.5,1.025,0.1,0.375,1.05
2020-01-09,0.3,0.4,1.8,1.7,0.5,0.9,0.1,0.4,1.1
2020-01-10,0.5,0.5,1.8,1.9,0.6,1.0,0.2,0.3,1.2
2020-01-11,0.4,0.5,1.8,1.8,0.6,1.3,0.1,0.3,1.1
2020-01-12,0.5,0.5,1.9,1.8,0.6,1.25,0.15000000000000002,0.35,1.1
2020-01-13,0.6,0.5,2.0,1.8,0.6,1.2,0.2,0.4,1.1
2020-01-14,0.4,0.6,2.3,1.6,0.4,1.2,0.1,0.4,0.6
2020-01-15,0.4,0.4,2.0,0.8,0.5,1.2,0.1,0.2,0.8
2020-01-16,0.3,0.5,1.7,3.0,1.0,1.0,0.1,0.4,0.7
2020-01-17,0.3,0.3,1.7,1.4,0.4,1.1,0.1,0.3,0.8
2020-01-18,0.4,0.6,1.8,1.5,0.4,1.2,0.1,0.3,0.7
2020-01-19,0.35,0.55,1.7000000000000002,1.5,0.4,1.0,0.1,0.3,0.7
2020-01-20,0.3,0.5,1.6,1.5,0.4,0.8,0.1,0.3,0.7
2020-01-21,0.3,0.3,1.6,1.9,0.6,1.1,0.1,0.4,1.0
2020-01-22,0.4,0.6,1.6,1.8,0.5,1.3,0.1,0.3,0.7
2020-01-23,0.3,0.5,1.7,2.5,0.8,1.0,0.3,0.3,1.0
2020-01-24,0.3,0.4,1.7,1.8,0.5,1.1,0.2,0.4,1.2
2020-01-25,0.5,0.5,1.8,1.8,0.5,1.0,0.3,0.4,1.3
2020-01-26,0.45,0.4,1.85,1.75,0.5,0.9,0.3,0.4,1.35
2020-01-27,0.4,0.3,1.9,1.7,0.5,0.8,0.3,0.4,1.4
2020-01-28,0.5,0.5,2.1,1.5,0.4,1.2,0.2,0.3,1.6
2020-01-29,0.2,0.5,1.8,1.3,0.3,1.3,0.2,0.2,1.0
2020-01-30,0.3,0.4,1.6,1.6,0.4,1.2,0.2,0.3,1.2
2020-01-31,0.3,0.5,1.5,1.7,0.5,1.2,0.2,0.3,1.8
2020-02-01,0.3,0.5,1.5,1.6,0.4,1.2,0.2,0.1,1.8
2020-02-02,0.25,0.4,1.5,1.35,0.30000000000000004,1.2999999999999998,0.2,0.15000000000000002,1.9
2020-02-03,0.2,0.3,1.5,1.1,0.2,1.4,0.2,0.2,2.0
2020-02-04,0.3,0.4,1.5,1.4,0.3,0.9,0.2,0.2,1.7
2020-02-05,0.2,0.6,1.5,1.4,0.4,1.1,0.1,0.2,2.4
2020-02-06,0.2,0.6,1.6,1.1,0.3,1.4,0.1,0.2,2.6
2020-02-07,0.2,0.5,1.5,1.7,0.4,1.4,0.2,0.2,1.3
2020-02-08,0.3,0.6,1.5,1.4,0.4,1.2,0.1,0.1,1.5
2020-02-09,0.3,0.5,1.55,1.2999999999999998,0.35,1.05,0.1,0.1,1.3
2020-02-10,0.3,0.4,1.6,1.2,0.3,0.9,0.1,0.1,1.1
2020-02-11,0.2,0.5,1.5,1.2,0.3,1.0,0.3,0.4,1.6
2020-02-12,0.2,0.6,1.5,1.0,0.3,1.0,0.1,0.4,1.0
2020-02-13,0.4,0.4,1.5,1.3,0.4,0.9,0.1,0.4,1.0
2020-02-14,0.5,0.5,1.4,1.1,0.3,0.5,0.1,0.3,1.2
2020-02-15,0.4,0.5,1.4,1.0,0.3,0.6,0.2,0.2,1.2
2020-02-16,0.35,0.45,1.4,1.0,0.25,0.7,0.15000000000000002,0.25,1.5
2020-02-17,0.3,0.4,1.4,1.0,0.2,0.8,0.1,0.3,1.8
2020-02-18,0.3,0.3,1.3,1.7,0.5,1.7,0.1,0.3,1.5
2020-02-19,0.4,0.4,1.3,1.0,0.3,1.0,0.1,0.2,1.0
2020-02-20,0.4,0.4,1.1,1.1,0.2,0.8,0.3,0.2,1.1
2020-02-21,0.4,0.5,1.1,0.7,0.1,1.0,0.2,0.3,1.0
2020-02-22,0.4,0.5,1.1,0.8,0.1,0.9,0.2,0.2,1.2
2020-02-23,0.35,0.45,1.15,1.05,0.2,0.95,0.1,0.2,1.2999999999999998
2020-02-24,0.3,0.4,1.2,1.3,0.3,1.0,0.0,0.2,1.4
2020-02-25,0.3,0.5,1.2,1.0,0.2,0.9,0.1,0.2,0.8
2020-02-26,0.3,0.6,1.0,1.1,0.2,1.1,0.1,0.2,1.7
2020-02-27,0.5,0.5,1.0,1.3,0.3,1.0,0.1,0.3,1.1
2020-02-28,0.7,0.5,1.1,1.6,0.4,0.8,0.1,0.3,1.6
2020-02-29,0.5,0.4,1.0,1.8,0.5,0.8,0.1,0.4,1.0
2020-03-01,0.5,0.4,0.97,1.7,0.47,0.78,0.1,0.39,1.01
2020-03-02,0.5,0.4,0.94,1.6,0.44,0.76,0.1,0.38,1.02
2020-03-03,0.5,0.4,0.91,1.5,0.41000000000000003,0.74,0.1,0.37,1.03
2020-03-04,,,,,,,,,
2020-03-05,,,,,,,,,
2020-03-06,,,,,,,,,
2020-03-07,,,,,,,,,
2020-03-08,,,,,,,,,
2020-03-09,,,,,,,,,
2020-03-10,0.5,0.4,0.7,0.8,0.2,0.6,0.1,0.3,1.1
2020-03-11,0.3,0.4,0.7,0.8,0.2,1.2,0.1,0.3,1.1
2020-03-12,0.2,0.4,0.7,0.5,0.1,0.9,0.1,0.3,1.5
2020-03-13,0.3,0.4,0.7,0.8,0.1,1.0,0.1,0.2,1.0
2020-03-14,0.4,0.4,0.7,0.8,0.1,1.0,0.1,0.3,1.2
2020-03-15,0.5,0.4,0.7,1.4500000000000002,0.35,0.8,0.1,0.3,1.1
2020-03-16,0.6,0.4,0.7,2.1,0.6,0.6,0.1,0.3,1.0
2020-03-17,0.5,0.4,0.7,1.1,0.3,1.1,0.1,0.3,0.9
2020-03-18,0.7,0.5,0.6,1.2,0.3,1.0,0.1,0.2,2.8
2020-03-19,0.8,0.4,0.7,1.4,0.4,0.6,0.1,0.2,1.9
2020-03-20,0.7,0.5,0.7,1.0,0.4,0.4,0.2,0.1,0.6
2020-03-21,0.3,0.5,0.7,1.3,0.5,0.6,0.2,0.1,0.9
2020-03-22,0.3,0.45,0.75,1.1,0.35,0.55,0.2,0.1,0.8500000000000001
2020-03-23,0.3,0.4,0.8,0.9,0.2,0.5,0.2,0.1,0.8
2020-03-24,0.3,0.5,0.8,0.9,0.2,0.6,0.2,0.2,0.9
2020-03-25,0.3,0.5,0.8,1.1,0.2,0.7,0.2,0.1,1.1
2020-03-26,0.4,0.5,0.9,1.4,0.5,1.0,0.1,0.3,0.9
2020-03-27,0.5,0.5,0.7,1.3,0.3,1.0,0.1,0.1,0.9
2020-03-28,0.5,0.5,0.8,1.3,0.3,1.1,0.1,0.1,1.5
2020-03-29,0.4,0.55,0.6000000000000001,1.15,0.3,1.1,0.1,0.1,1.2
2020-03-30,0.3,0.6,0.4,1.0,0.3,1.1,0.1,0.1,0.9
2020-03-31,0.3,0.5,0.4,0.9,0.2,0.6,0.1,0.2,1.0
2020-04-01,0.4,0.5,0.4,1.4,0.3,0.7,0.1,0.2,1.1
2020-04-02,0.4,0.5,0.6,1.4,0.4,0.8,0.2,0.2,1.7
2020-04-03,0.5,0.5,0.6,1.6,0.4,0.5,0.1,0.2,1.5
2020-04-04,0.5,0.5,0.5,1.5,0.4,0.5,0.1,0.2,1.8
2020-04-05,0.45,0.5,0.55,1.65,0.45,0.65,0.05,0.2,1.35
2020-04-06,0.4,0.5,0.6,1.8,0.5,0.8,0.0,0.2,0.9
2020-04-07,0.3,0.6,0.6,1.8,0.5,0.9,0.1,0.2,1.7
2020-04-08,0.5,0.6,0.6,1.7,0.5,0.9,0.1,0.4,1.4
2020-04-09,0.5,0.8,0.6,2.1,0.6,0.8,0.2,0.4,1.6
2020-04-10,0.3,0.8,0.6,1.9,0.6,0.4,0.2,0.3,1.8
2020-04-11,0.3,0.7,0.4,1.9,0.6,0.5,0.1,0.3,1.6
2020-04-12,0.3,0.6499999999999999,0.45,2.0999999999999996,0.6499999999999999,0.55,0.1,0.3,1.35
2020-04-13,0.3,0.6,0.5,2.3,0.7,0.6,0.1,0.3,1.1
2020-04-14,0.5,0.4,0.4,2.0,0.6,0.7,0.1,0.2,1.0
2020-04-15,0.4,0.3,0.4,1.9,0.5,0.7,0.1,0.2,1.6
2020-04-16,0.4,0.6,0.5,1.7,0.4,0.6,0.1,0.2,1.2
2020-04-17,0.4,0.5,0.6,1.6,0.4,0.6,0.1,0.2,1.2
2020-04-18,0.3,0.5,0.5,1.9,0.5,0.7,0.1,0.1,1.4
2020-04-19,0.26666666666666666,0.4666666666666667,0.4666666666666667,1.8333333333333333,0.4666666666666667,0.6333333333333333,0.06666666666666668,0.13333333333333333,1.2666666666666666
2020-04-20,0.23333333333333334,0.43333333333333335,0.43333333333333335,1.7666666666666666,0.43333333333333335,0.5666666666666667,0.03333333333333334,0.16666666666666669,1.1333333333333333
2020-04-21,0.2,0.4,0.4,1.7,0.4,0.5,0.0,0.2,1.0
2020-04-22,0.3,0.6,0.4,2.0,0.6,0.4,0.0,0.2,1.2
2020-04-23,0.4,0.3,0.5,1.1,0.3,0.4,0.0,0.3,1.1
2020-04-24,0.4,0.5,0.5,2.4,0.8,0.4,0.1,0.1,1.7
2020-04-25,0.2,0.6,0.5,2.2,0.7,0.4,0.1,0.2,3.6
2020-04-26,0.25,0.6499999999999999,0.5,2.0,0.6,0.65,0.1,0.2,2.85
2020-04-27,0.3,0.7,0.5,1.8,0.5,0.9,0.1,0.2,2.1
2020-04-28,0.3,0.5,0.5,1.6,0.4,0.8,0.1,0.3,2.0
2020-04-29,0.4,0.6,0.5,2.0,0.5,0.8,0.1,0.2,2.0
2020-04-30,0.3,0.6,0.6,2.0,0.6,0.5,0.1,0.2,1.7
2020-05-01,0.35,0.55,0.55,2.1,0.6,0.55,0.1,0.25,1.5
2020-05-02,0.4,0.5,0.5,2.2,0.6,0.6,0.1,0.3,1.3
2020-05-03,0.34,0.46399999999999997,0.5175000000000001,2.25265,0.6374,0.6222,0.093,0.28059999999999996,1.74445
2020-05-04,0.28,0.428,0.535,2.3053,0.6748,0.6444,0.086,0.2612,2.1889
2020-05-05,0.3367,0.4732,0.4992,2.3166,0.685,0.6889,0.1012,0.1244,1.4833
2020-05-06,0.275,0.3925,0.3767,2.1225,0.6158,0.8167,0.095,0.2181,1.3167
2020-05-07,0.3883,0.416,0.4375,1.7822,0.4983,0.5111,0.0651,0.2031,1.5
2020-05-08,0.3317,0.478,0.5083,2.0822,0.6058,0.5167,0.1046,0.1631,1.5167
2020-05-09,0.37556666666666666,0.4904,0.5194333333333333,2.1090666666666666,0.6107333333333334,0.6111333333333334,0.1011,0.16996666666666665,1.5537333333333332
2020-05-10,0.4194333333333333,0.5028,0.5305666666666666,2.135933333333333,0.6156666666666667,0.7055666666666667,0.0976,0.17683333333333334,1.5907666666666667
2020-05-11,0.4633,0.5152,0.5417,2.1628,0.6206,0.8,0.0941,0.1837,1.6278
2020-05-12,0.3367,0.5357,0.4275,1.9794,0.5692,0.6667,0.0749,0.1538,1.3889
2020-05-13,0.3317,0.4942,0.34,2.045,0.6094,0.5833,0.0896,0.2094,1.1778
2020-05-14,0.2217,0.3038,0.32,1.9644,0.5367,0.6056,0.0667,0.1088,0.6111
2020-05-15,0.3317,0.3317,0.28,1.7959,0.4717,0.5556,0.0794,0.1088,1.1778
2020-05-16,0.3333,0.5318,0.3233,1.9703,0.511,0.65,0.0878,0.1431,1.0889
2020-05-17,0.3625,0.5626500000000001,0.3433,1.9792,0.5126,0.5111,0.08310000000000001,0.185,1.0889
2020-05-18,0.3917,0.5935,0.3633,1.9881,0.5142,0.3722,0.0784,0.2269,1.0889
2020-05-19,0.455,0.452,0.4183,2.0016,0.4438,0.6722,0.0949,0.2531,1.0611
2020-05-20,0.3367,0.43,0.4717,1.6775,0.4269,0.55,0.0567,0.2188,1.05
2020-05-21,0.3883,0.496,0.3158,2.0219,0.5154,0.6,0.0464,0.205,0.7556
2020-05-22,0.3817,0.5028,0.2792,1.8956,0.5127,0.6056,0.0912,0.1412,1.2556
2020-05-23,0.39,0.4998,0.3058,1.6675,0.4294,0.65,0.1221,0.1775,1.0389
2020-05-24,0.36085,0.5255000000000001,0.29455,1.8153000000000001,0.4825,0.76665,0.09620000000000001,0.14654999999999999,0.9138999999999999
2020-05-25,0.3317,0.5512,0.2833,1.9631,0.5356,0.8833,0.0703,0.1156,0.7889
2020-05-26,0.22,0.632,0.2833,1.6812,0.4129,0.7667,0.1795,0.1219,1.45
2020-05-27,0.3317,0.375,0.2583,1.7562,0.4558,0.6278,0.1504,0.1431,1.3167
2020-05-28,0.45,0.5242,0.3367,1.225,0.3169,0.7389,0.1699,0.0894,1.0
2020-05-29,0.335,0.4975,0.2983,1.7188,0.4681,1.05,0.076,0.1512,1.2389
2020-05-30,0.2783,0.5103,0.36,1.5966,0.3727,0.7111,0.076,0.1581,0.3333
2020-05-31,0.27749999999999997,0.4909,0.32165,1.54485,0.38085,0.6860999999999999,0.0857,0.2025,0.7611000000000001
2020-06-01,0.2767,0.4715,0.2833,1.4931,0.389,0.6611,0.0954,0.2469,1.1889
2020-06-02,0.39,0.503,0.2808,1.5816,0.3812,0.7333,0.088,0.2531,1.6556
2020-06-03,0.395,0.489,0.3125,1.5419,0.3925,0.8722,0.0791,0.3188,1.7278
2020-06-04,0.4,0.5538,0.3667,0.8044,0.1708,0.7167,0.0952,0.2375,0.9278
2020-06-05,0.755,0.6877,0.4342,1.0212,0.2046,0.5611,0.1165,0.2475,1.2278
2020-06-06,0.4667,0.5995,0.4992,1.1225,0.1658,0.6611,0.1198,0.285,1.3833
2020-06-07,0.5255666666666666,0.4930666666666667,0.5025333333333333,0.9498000000000001,0.1438,0.6518333333333334,0.10286666666666668,0.2383333333333333,1.5185
2020-06-08,0.5844333333333334,0.3866333333333334,0.5058666666666667,0.7771000000000001,0.12179999999999999,0.6425666666666666,0.08593333333333333,0.19166666666666665,1.6537
2020-06-09,0.6433,0.2802,0.5092,0.6044,0.0998,0.6333,0.069,0.145,1.7889
2020-06-10,0.8083,0.4128,0.5508,0.4975,0.0988,0.6389,0.0624,0.265,1.4667
2020-06-11,0.8217,0.3625,0.5858,0.6062,0.0925,0.8056,0.0974,0.23,1.6444
2020-06-12,0.475,0.5422,0.6233,0.9178,0.1463,0.6833,0.101,0.1812,1.1611
2020-06-13,0.4133,0.4645,0.7108,0.7669,0.1085,0.85,0.0696,0.2825,1.35
2020-06-14,0.3808,0.40490000000000004,0.60165,0.80515,0.11435000000000001,0.9389000000000001,0.08285000000000001,0.22315,1.19445
2020-06-15,0.3483,0.3453,0.4925,0.8434,0.1202,1.0278,0.0961,0.1638,1.0389
2020-06-16,0.46,0.5035,0.6,0.5134,0.1971,1.0778,0.1641,0.1369,2.25
2020-06-17,0.5767,0.4825,0.5517,0.8003,0.1135,0.7944,0.1035,0.2256,2.5
2020-06-18,0.2883,0.4222,0.4883,0.5294,0.1527,0.4889,0.0452,0.1694,1.1667
2020-06-19,0.5183,0.382,0.6292,0.8603,0.2781,0.5833,0.0305,0.1419,1.0778
2020-06-20,0.635,0.434,0.5683,0.8553,0.216,0.4167,0.0625,0.2275,1.4222
2020-06-21,0.49085,0.35625,0.5729,0.76345,0.19624999999999998,0.50835,0.06555,0.21345,1.2999999999999998
2020-06-22,0.3467,0.2785,0.5775,0.6716,0.1765,0.6,0.0686,0.1994,1.1778
2020-06-23,0.3467,0.304,0.5383,0.7519,0.1538,0.8444,0.0835,0.1625,1.3778
2020-06-24,0.8,0.2365,0.615,0.9784,0.3735,0.75,0.0802,0.2319,1.1611
2020-06-25,0.4,0.4702,0.5833,1.2809,0.4748,0.5278,0.0878,0.2806,2.0944
2020-06-26,0.4017,0.452,0.6233,1.0425,0.3425,0.5722,0.0855,0.2744,1.1222
2020-06-27,0.515,0.5062,0.6608,0.8634,0.2565,0.8222,0.066,0.2481,1.7722
2020-06-28,0.5172333333333333,0.5242,0.6672,0.7928999999999999,0.33613333333333334,0.8722,0.06093333333333333,0.24123333333333333,1.8870333333333333
2020-06-29,0.5194666666666667,0.5422,0.6736000000000001,0.7224,0.4157666666666667,0.9222,0.05586666666666667,0.23436666666666667,2.0018666666666665
2020-06-30,0.5217,0.5602,0.68,0.6519,0.4954,0.9722,0.0508,0.2275,2.1167
2020-07-01,0.52,0.4152,0.5667,1.2434,0.5348,0.4611,0.2876,0.2781,0.7389
2020-07-02,0.7,0.5592,0.6133,1.1431,0.6619,0.4389,0.2949,0.1288,1.1444
2020-07-03,0.6967,0.542,0.6333,1.2078,0.6342,0.4778,0.204,0.2356,0.8389
2020-07-04,0.7483,0.5405,0.6067,1.045,0.6835,0.2889,0.1614,0.1281,0.8278
2020-07-05,0.6308,0.53285,0.59125,1.03235,0.5531,0.31665,0.15315,0.11435,0.8110999999999999
2020-07-06,0.5133,0.5252,0.5758,1.0197,0.4227,0.3444,0.1449,0.1006,0.7944
2020-07-07,0.3417,0.4092,0.4942,1.0303,0.4421,0.4056,0.2724,0.125,0.6333
2020-07-08,0.6283,0.5168,0.5375,0.9634,0.5898,0.4778,0.1815,0.16,0.5778
2020-07-09,0.6217,0.4298,0.5158,0.8125,0.4675,0.4278,0.1632,0.14,1.0167
2020-07-10,0.5767,0.4923,0.55,0.8622,0.595,0.3889,0.1809,0.1425,0.5444
2020-07-11,1.105,0.516,0.6117,0.9222,0.6394,0.65,0.2319,0.2219,0.4944
2020-07-12,0.83415,0.478,0.5742,1.16265,0.6649,0.6722,0.20515,0.18064999999999998,0.68055
2020-07-13,0.5633,0.44,0.5367,1.4031,0.6904,0.6944,0.1784,0.1394,0.8667
2020-07-14,0.5683,0.3975,0.5225,1.3756,0.5696,0.4333,0.2338,0.175,0.5889
2020-07-15,0.915,0.3705,0.5542,1.5997,0.7433,1.4778,0.2308,0.2169,0.9944
2020-07-16,0.745,0.445,0.5283,1.3578,0.665,0.7389,0.134,0.2825,3.4944
2020-07-17,1.215,0.403,0.5917,1.4931,0.665,1.0444,0.2251,0.1831,0.8944
2020-07-18,0.7483,0.269,0.5858,1.2763,0.5673,1.0,0.2111,0.1475,0.9
2020-07-19,0.7519928571428571,0.27835714285714286,0.5796714285714286,1.2351357142857142,0.55535,1.0,0.21030714285714286,0.15839285714285714,0.8857142857142857
2020-07-20,0.7556857142857143,0.28771428571428576,0.5735428571428571,1.1939714285714285,0.5434,1.0,0.20951428571428574,0.1692857142857143,0.8714285714285714
2020-07-21,0.7593785714285715,0.2970714285714286,0.5674142857142856,1.152807142857143,0.53145,1.0,0.20872142857142859,0.1801785714285714,0.8571428571428572
2020-07-22,,,,,,,,,
2020-07-23,,,,,,,,,
2020-07-24,,,,,,,,,
2020-07-25,,,,,,,,,
2020-07-26,,,,,,,,,
2020-07-27,,,,,,,,,
2020-07-28,,,,,,,,,
2020-07-29,,,,,,,,,
2020-07-30,,,,,,,,,
2020-07-31,,,,,,,,,
2020-08-01,0.8,0.4,0.5,0.7,0.4,1.0,0.2,0.3,0.7
2020-08-02,0.86415,0.47025,0.5016499999999999,0.9107999999999999,0.54405,1.01665,0.2488,0.29155,1.19445
2020-08-03,0.9283,0.5405,0.5033,1.1216,0.6881,1.0333,0.2976,0.2831,1.6889
2020-08-04,0.8183,0.5625,0.3925,1.1141,0.3233,1.1278,0.2448,0.3219,1.2
2020-08-05,0.7567,0.5767,0.4075,1.0734,0.3323,1.0056,0.2864,0.3262,1.4944
2020-08-06,0.7583,0.3195,0.4317,1.4116,0.496,1.2944,0.2668,0.3844,1.2889
2020-08-07,0.87,0.3902,0.5508,1.3212,0.6902,0.6333,0.0804,0.255,1.6944
2020-08-08,0.64,0.509,0.4892,1.3038,0.4388,0.85,0.0674,0.1706,1.4944
2020-08-09,0.78165,0.5387500000000001,0.47250000000000003,1.48485,0.5217,1.26665,0.12975,0.2934,1.49165
2020-08-10,0.9233,0.5685,0.4558,1.6659,0.6046,1.6833,0.1921,0.4162,1.4889
2020-08-11,0.925,0.2135,0.4883,0.8784,0.5271,1.3833,0.1541,0.3375,1.6389
2020-08-12,1.0317,0.4805,0.4883,0.8884,0.3737,1.1389,0.106,0.2581,1.1778
2020-08-13,0.9783,0.685,0.3725,0.6381,0.3162,1.2,0.1781,0.1112,1.5333
2020-08-14,1.09,0.5635,0.4258,1.4556,0.719,0.8,0.1062,0.4956,1.2333
2020-08-15,1.095,0.4802,0.52,1.2681,0.6142,0.5611,0.1016,0.6025,1.6778
2020-08-16,1.0726826086956522,0.4866695652173913,0.5204347826086957,1.254104347826087,0.6169782608695652,0.569795652173913,0.10336086956521738,0.5874173913043479,1.6705521739130433
2020-08-17,1.0503652173913043,0.49313913043478264,0.5208695652173914,1.2401086956521739,0.6197565217391304,0.5784913043478261,0.10512173913043478,0.5723347826086956,1.663304347826087
2020-08-18,1.0280478260869566,0.4996086956521739,0.5213043478260869,1.2261130434782608,0.6225347826086957,0.5871869565217391,0.10688260869565216,0.5572521739130435,1.6560565217391303
2020-08-19,,,,,,,,,
2020-08-20,,,,,,,,,
2020-08-21,,,,,,,,,
2020-08-22,,,,,,,,,
2020-08-23,,,,,,,,,
2020-08-24,,,,,,,,,
2020-08-25,,,,,,,,,
2020-08-26,,,,,,,,,
2020-08-27,,,,,,,,,
2020-08-28,,,,,,,,,
2020-08-29,,,,,,,,,
2020-08-30,,,,,,,,,
2020-08-31,,,,,,,,,
2020-09-01,,,,,,,,,
2020-09-02,,,,,,,,,
2020-09-03,,,,,,,,,
2020-09-04,,,,,,,,,
2020-09-05,,,,,,,,,
2020-09-06,,,,,,,,,
2020-09-07,0.5817,0.629,0.53,0.9462,0.6781,0.7611,0.1421,0.2556,1.5111
2020-09-08,0.835,0.421,0.5283,0.9591,0.9902,0.8667,0.1677,0.345,1.6167
2020-09-09,0.7333,0.1927,0.4917,1.11,0.7413,0.6167,0.1281,0.3494,1.8778
2020-09-10,0.625,0.532,0.51,0.7928,0.6433,0.5222,0.1417,0.3181,1.9
2020-09-11,0.5083,0.3645,0.4758,1.2619,0.7381,0.6611,0.14,0.3206,1.3944
2020-09-12,0.6767,0.516,0.4742,1.3278,0.7883,0.8556,0.1042,0.2619,1.3
2020-09-13,0.6775,0.50935,0.5025000000000001,1.2981,0.7625,0.8889,0.10164999999999999,0.28155,1.44165
2020-09-14,0.6783,0.5027,0.5308,1.2684,0.7367,0.9222,0.0991,0.3012,1.5833
2020-09-15,0.7283,0.2858,0.6792,0.9344,0.6,0.8389,0.0627,0.2525,2.0722
2020-09-16,0.8517,0.5,0.5858,1.6856,0.6715,0.7333,0.1778,0.35,1.1667
2020-09-17,0.8483,0.54,0.45,1.0241,0.8492,0.5,0.0706,0.5306,1.0111
2020-09-18,0.7767,0.3995,0.44,1.2319,0.7181,0.4778,0.1481,0.2569,0.6722
2020-09-19,0.83,0.2982,0.4275,1.1284,0.5931,0.4333,0.314,0.2537,0.6111
2020-09-20,0.8364777777777778,0.2985333333333334,0.42777777777777776,1.063788888888889,0.5671999999999999,0.4882444444444445,0.31185555555555555,0.24294444444444444,0.6117222222222222
2020-09-21,0.8429555555555556,0.29886666666666667,0.4280555555555555,0.9991777777777778,0.5413,0.5431888888888889,0.3097111111111111,0.2321888888888889,0.6123444444444445
2020-09-22,0.8494333333333333,0.2992,0.42833333333333334,0.9345666666666668,0.5154,0.5981333333333333,0.30756666666666665,0.22143333333333332,0.6129666666666667
2020-09-23,,,,,,,,,
2020-09-24,,,,,,,,,
2020-09-25,,,,,,,,,
2020-09-26,,,,,,,,,
2020-09-27,,,,,,,,,
2020-09-28,0.8883,0.3012,0.43,0.5469,0.36,0.9278,0.2947,0.1569,0.6167
2020-09-29,0.3933,0.43,0.3733,0.9337,0.4896,0.6611,0.2421,0.2331,1.0111
2020-09-30,0.5117,0.2602,0.4017,0.6966,0.4981,0.6944,0.35,0.1894,0.7278
2020-10-01,0.4533,0.5238,0.4042,0.7197,0.4831,0.5889,0.0732,0.1494,1.4556
2020-10-02,0.565,0.4367,0.4083,1.1959,0.5819,0.3611,0.1365,0.1862,0.9667
2020-10-03,0.4533,0.374,0.4142,1.0247,0.5288,0.4667,0.1438,0.1925,0.7778
2020-10-04,0.45499999999999996,0.3325,0.42375,1.0497,0.59555,0.56945,0.20205,0.18655,0.7555499999999999
2020-10-05,0.4567,0.291,0.4333,1.0747,0.6623,0.6722,0.2603,0.1806,0.7333
2020-10-06,0.6817,0.2823,0.465,1.1466,0.6081,0.7889,0.2013,0.2006,0.6722
2020-10-07,0.5683,0.397,0.51,0.9784,0.6381,0.8944,0.1858,0.235,0.5667
2020-10-08,0.45,0.3075,0.5542,1.1028,0.5208,0.6667,0.2146,0.2612,0.4611
2020-10-09,0.675,0.2902,0.5283,0.9353,0.5608,1.0944,0.2092,0.2531,0.5556
2020-10-10,0.7283,0.3035,0.435,0.9853,0.5267,0.9333,0.1926,0.2738,0.5611
2020-10-11,0.73,0.248,0.48414999999999997,1.02765,0.5252,0.8332999999999999,0.1828,0.25,0.5139
2020-10-12,0.7317,0.1925,0.5333,1.07,0.5237,0.7333,0.173,0.2262,0.4667
2020-10-13,0.515,0.287,0.4258,0.98,0.5902,0.6889,0.1601,0.0694,1.1444
2020-10-14,0.45335000000000003,0.29225,0.43205000000000005,0.9097,0.48595,0.53335,0.1915,0.21565,0.875
2020-10-15,0.3917,0.2975,0.4383,0.8394,0.3817,0.3778,0.2229,0.3619,0.6056
2020-10-16,0.2217,0.337,0.4525,0.8928,0.5858,0.3778,0.1904,0.3506,0.6111
2020-10-17,0.2767,0.2952,0.445,1.2319,0.4258,0.2833,0.1802,0.3312,0.7056
2020-10-18,0.355,0.29835,0.4525,1.23875,0.5253,0.48055,0.20579999999999998,0.245,0.6778
2020-10-19,0.4333,0.3015,0.46,1.2456,0.6248,0.6778,0.2314,0.1588,0.65
2020-10-20,0.595,0.3113,0.5617,1.31,0.6052,0.6667,0.2062,0.2562,1.0333
2020-10-21,0.545,0.3702,0.4708,1.0688,0.7252,0.35,0.2225,0.2888,0.65
2020-10-22,0.9883,0.4015,0.8392,1.1681,0.525,1.0167,0.237,0.1469,0.5056
2020-10-23,0.8783,0.4295,0.745,1.2481,0.5825,0.6278,0.2445,0.2738,0.6056
2020-10-24,1.285,0.4402,0.5417,1.0394,0.6094,0.6944,0.2309,0.285,0.6611
2020-10-25,1.2813041176470588,0.44075470588235294,0.5426017647058823,1.0381811764705884,0.6100923529411765,0.6938447058823529,0.23086470588235294,0.28484941176470585,0.6618517647058824
2020-10-26,1.2776082352941176,0.44130941176470584,0.5435035294117647,1.0369623529411767,0.610784705882353,0.6932894117647059,0.23082941176470587,0.2846988235294117,0.6626035294117647
2020-10-27,1.2739123529411764,0.4418641176470588,0.544405294117647,1.0357435294117647,0.6114770588235294,0.6927341176470588,0.23079411764705882,0.2845482352941176,0.663355294117647
2020-10-28,,,,,,,,,
2020-10-29,,,,,,,,,
2020-10-30,,,,,,,,,
2020-10-31,,,,,,,,,
2020-11-01,,,,,,,,,
2020-11-02,,,,,,,,,
2020-11-03,,,,,,,,,
2020-11-04,,,,,,,,,
2020-11-05,,,,,,,,,
2020-11-06,,,,,,,,,
2020-11-07,,,,,,,,,
2020-11-08,,,,,,,,,
2020-11-09,,,,,,,,,
2020-11-10,,,,,,,,,
2020-11-11,,,,,,,,,
2020-11-12,,,,,,,,,
2020-11-13,,,,,,,,,
2020-11-14,,,,,,,,,
2020-11-15,,,,,,,,,
2020-11-16,,,,,,,,,
2020-11-17,,,,,,,,,
2020-11-18,,,,,,,,,
2020-11-19,,,,,,,,,
2020-11-20,,,,,,,,,
2020-11-21,,,,,,,,,
2020-11-22,,,,,,,,,
2020-11-23,,,,,,,,,
2020-11-24,,,,,,,,,
2020-11-25,,,,,,,,,
2020-11-26,,,,,,,,,
2020-11-27,,,,,,,,,
2020-11-28,,,,,,,,,
2020-11-29,,,,,,,,,
2020-11-30,,,,,,,,,
2020-12-01,,,,,,,,,
2020-12-02,,,,,,,,,
2020-12-03,,,,,,,,,
2020-12-04,,,,,,,,,
2020-12-05,,,,,,,,,
2020-12-06,,,,,,,,,
2020-12-07,,,,,,,,,
2020-12-08,,,,,,,,,
2020-12-09,,,,,,,,,
2020-12-10,,,,,,,,,
2020-12-11,,,,,,,,,
2020-12-12,,,,,,,,,
2020-12-13,,,,,,,,,
2020-12-14,,,,,,,,,
2020-12-15,,,,,,,,,
2020-12-16,,,,,,,,,
2020-12-17,,,,,,,,,
2020-12-18,,,,,,,,,
2020-12-19,,,,,,,,,
2020-12-20,,,,,,,,,
2020-12-21,,,,,,,,,
2020-12-22,,,,,,,,,
2020-12-23,,,,,,,,,
2020-12-24,,,,,,,,,
2020-12-25,,,,,,,,,
2020-12-26,,,,,,,,,
2020-12-27,,,,,,,,,
2020-12-28,,,,,,,,,
2020-12-29,,,,,,,,,
2020-12-30,,,,,,,,,
2020-12-31,,,,,,,,,
2021-01-01,,,,,,,,,
2021-01-02,,,,,,,,,
2021-01-03,,,,,,,,,
2021-01-04,,,,,,,,,
2021-01-05,,,,,,,,,
2021-01-06,,,,,,,,,
2021-01-07,,,,,,,,,
2021-01-08,,,,,,,,,
2021-01-09,,,,,,,,,
2021-01-10,,,,,,,,,
2021-01-11,,,,,,,,,
2021-01-12,,,,,,,,,
2021-01-13,,,,,,,,,
2021-01-14,,,,,,,,,
2021-01-15,,,,,,,,,
2021-01-16,,,,,,,,,
2021-01-17,,,,,,,,,
2021-01-18,,,,,,,,,
2021-01-19,,,,,,,,,
2021-01-20,,,,,,,,,
2021-01-21,,,,,,,,,
2021-01-22,,,,,,,,,
2021-01-23,,,,,,,,,
2021-01-24,,,,,,,,,
2021-01-25,,,,,,,,,
2021-01-26,,,,,,,,,
2021-01-27,,,,,,,,,
2021-01-28,,,,,,,,,
2021-01-29,,,,,,,,,
2021-01-30,,,,,,,,,
2021-01-31,,,,,,,,,
2021-02-01,,,,,,,,,
2021-02-02,,,,,,,,,
2021-02-03,,,,,,,,,
2021-02-04,,,,,,,,,
2021-02-05,,,,,,,,,
2021-02-06,,,,,,,,,
2021-02-07,,,,,,,,,
2021-02-08,,,,,,,,,
2021-02-09,,,,,,,,,
2021-02-10,,,,,,,,,
2021-02-11,,,,,,,,,
2021-02-12,,,,,,,,,
2021-02-13,,,,,,,,,
2021-02-14,,,,,,,,,
2021-02-15,,,,,,,,,
2021-02-16,,,,,,,,,
2021-02-17,,,,,,,,,
2021-02-18,,,,,,,,,
2021-02-19,,,,,,,,,
2021-02-20,,,,,,,,,
2021-02-21,,,,,,,,,
2021-02-22,,,,,,,,,
2021-02-23,,,,,,,,,
2021-02-24,,,,,,,,,
2021-02-25,,,,,,,,,
2021-02-26,,,,,,,,,
2021-02-27,,,,,,,,,
2021-02-28,,,,,,,,,
2021-03-01,,,,,,,,,
2021-03-02,,,,,,,,,
2021-03-03,,,,,,,,,
2021-03-04,,,,,,,,,
2021-03-05,,,,,,,,,
2021-03-06,,,,,,,,,
2021-03-07,,,,,,,,,
2021-03-08,,,,,,,,,
2021-03-09,,,,,,,,,
2021-03-10,,,,,,,,,
2021-03-11,,,,,,,,,
2021-03-12,,,,,,,,,
2021-03-13,,,,,,,,,
2021-03-14,,,,,,,,,
2021-03-15,,,,,,,,,
2021-03-16,,,,,,,,,
2021-03-17,,,,,,,,,
2021-03-18,,,,,,,,,
2021-03-19,,,,,,,,,
2021-03-20,,,,,,,,,
2021-03-21,,,,,,,,,
2021-03-22,,,,,,,,,
2021-03-23,,,,,,,,,
2021-03-24,,,,,,,,,
2021-03-25,,,,,,,,,
2021-03-26,,,,,,,,,
2021-03-27,,,,,,,,,
2021-03-28,,,,,,,,,
2021-03-29,,,,,,,,,
2021-03-30,,,,,,,,,
2021-03-31,,,,,,,,,
2021-04-01,,,,,,,,,
2021-04-02,,,,,,,,,
2021-04-03,,,,,,,,,
2021-04-04,,,,,,,,,
2021-04-05,,,,,,,,,
2021-04-06,,,,,,,,,
2021-04-07,,,,,,,,,
2021-04-08,,,,,,,,,
2021-04-09,,,,,,,,,
2021-04-10,,,,,,,,,
2021-04-11,,,,,,,,,
2021-04-12,0.6567,0.5345,0.695,0.8322,0.7271,0.6,0.2249,0.2594,0.7889
2021-04-13,0.385,0.3002,0.66,1.8834,1.0058,0.9,0.2396,0.1931,1.1833
2021-04-14,0.5517,0.599,0.6558,1.0306,0.6815,0.6833,0.1624,0.2725,0.9611
2021-04-15,0.4333,0.4977,0.5267,0.7806,0.6285,0.8444,0.1078,0.3219,0.8667
2021-04-16,0.6017,0.5998,0.4542,0.7741,0.5502,0.7611,0.2105,0.2619,0.9889
2021-04-17,0.6517,0.6498,0.4842,1.0244,0.5871,0.7278,0.2005,0.275,1.3222
2021-04-18,0.52,0.64015,0.54125,1.10375,0.65395,0.6972499999999999,0.1563,0.2178,1.6333
2021-04-19,0.3883,0.6305,0.5983,1.1831,0.7208,0.6667,0.1121,0.1606,1.9444
2021-04-20,0.2767,0.3993,0.575,0.6697,0.456,0.6333,0.179,0.1331,1.3056
2021-04-21,0.3883,0.474,0.6058,0.9809,0.5979,0.7389,0.1506,0.2806,1.6889
2021-04-22,0.33,0.535,0.5933,1.175,0.7092,0.5,0.1985,0.2719,1.0833
2021-04-23,0.44,0.5868,0.5508,1.8475,0.7827,0.5833,0.2115,0.1519,1.3722
2021-04-24,0.3817,0.2872,0.5042,1.1491,0.6275,0.7611,0.2121,0.17,1.6944
2021-04-25,0.43584999999999996,0.3431,0.49545,0.90265,0.57395,0.7611,0.197,0.15405000000000002,1.5722
2021-04-26,0.49,0.399,0.4867,0.6562,0.5204,0.7611,0.1819,0.1381,1.45
2021-04-27,0.3817,0.4155,0.4983,0.8728,0.429,0.7222,0.1774,0.1381,0.7889
2021-04-28,0.5483,0.4882,0.5567,1.1581,0.5877,0.6056,0.1779,0.0994,1.3389
2021-04-29,0.4417,0.5465,0.4933,0.9725,0.5383,0.7667,0.2007,0.0869,1.3111
2021-04-30,0.555,0.5322,0.51,1.3238,0.6988,0.5889,0.188,0.0738,0.9333
2021-05-01,0.56966,0.5432,0.48484,1.3211600000000001,0.71224,0.63446,0.1882,0.08092,1.00886
2021-05-02,0.5843200000000001,0.5542,0.45968,1.3185200000000001,0.72568,0.68002,0.1884,0.08804000000000001,1.08442
2021-05-03,0.59898,0.5652,0.43452,1.31588,0.73912,0.72558,0.1886,0.09516,1.15998
2021-05-04,,,,,,,,,
2021-05-05,0.6283,0.5872,0.3842,1.3106,0.766,0.8167,0.189,0.1094,1.3111
2021-05-06,0.5667,0.5515,0.4725,1.3416,0.7373,0.5944,0.146,0.1494,1.2111
2021-05-07,0.6217,0.581,0.4008,1.0072,0.7756,0.6167,0.2605,0.1569,1.4722
2021-05-08,0.6183,0.5895,0.3692,1.1631,0.6623,0.4944,0.1751,0.1225,0.8167
2021-05-09,0.5255333333333333,0.5428333333333334,0.4503,1.0262333333333333,0.6651333333333334,0.6018333333333333,0.20013333333333333,0.145,0.8889
2021-05-10,0.43276666666666663,0.4961666666666667,0.5314,0.8893666666666666,0.6679666666666666,0.7092666666666667,0.22516666666666665,0.1675,0.9611000000000001
2021-05-11,0.34,0.4495,0.6125,0.7525,0.6708,0.8167,0.2502,0.19,1.0333
2021-05-12,0.51,0.5488,0.6658,0.9031,0.5683,0.6167,0.1959,0.375,0.9056
2021-05-13,0.6183,0.5882,0.6375,1.1356,0.6187,0.7,0.1806,0.1969,0.7778
2021-05-14,0.51,0.5872,0.6583,0.7722,0.6985,0.5,0.1966,0.2394,0.8167
2021-05-15,0.6783,0.5565,0.6525,0.8938,0.5323,0.6389,0.2558,0.2319,0.7778
2021-05-16,0.53915,0.52165,0.6329,1.1611,0.6504,0.8694500000000001,0.26665000000000005,0.25315,0.90835
2021-05-17,0.4,0.4868,0.6133,1.4284,0.7685,1.1,0.2775,0.2744,1.0389
2021-05-18,0.515,0.4758,0.6383,1.53,0.8344,0.8056,0.2231,0.2062,0.7
2021-05-19,0.5667,0.5455,0.6017,1.4628,0.7794,0.8556,0.246,0.205,0.9056
2021-05-20,0.6783,0.5745,0.6242,0.8887,0.7642,0.6167,0.2199,0.2575,0.95
2021-05-21,0.8483,0.6015,0.6108,0.7772,0.5833,0.7278,0.1884,0.2862,1.0278
2021-05-22,0.6217,0.5455,0.65,1.3541,0.7354,0.6056,0.197,0.2794,0.7833
2021-05-23,0.56335,0.5575,0.6625000000000001,1.19035,0.66415,0.63615,0.21205000000000002,0.23154999999999998,0.8861
2021-05-24,0.505,0.5695,0.675,1.0266,0.5929,0.6667,0.2271,0.1837,0.9889
2021-05-25,0.5117,0.596,0.6442,0.9291,0.5765,0.7278,0.1892,0.1781,0.9944
2021-05-26,0.45,0.538,0.6217,1.3291,0.7452,0.8667,0.2,0.19,0.6444
2021-05-27,0.3983,0.5605,0.7158,1.2369,0.9498,0.8,0.2374,0.2606,0.8667
2021-05-28,0.5083,0.5395,0.7225,0.8819,0.534,0.6,0.2329,0.2788,1.1556
2021-05-29,0.4517,0.5255,0.6625,0.9944,0.5715,0.6944,0.2371,0.23,0.3889
2021-05-30,0.42,0.54325,0.6295999999999999,0.93675,0.48835,0.7805500000000001,0.2348,0.2294,0.6611
2021-05-31,0.3883,0.561,0.5967,0.8791,0.4052,0.8667,0.2325,0.2288,0.9333
2021-06-01,0.6133,0.5407,0.6017,1.0731,0.6077,0.6944,0.242,0.195,0.7667
2021-06-02,0.4467,0.5945,0.6225,0.8322,0.5671,1.0222,0.2574,0.2494,1.0611
2021-06-03,0.4533,0.5132,0.6075,0.9291,0.4615,0.7889,0.2644,0.2575,0.65
2021-06-04,1.0767,0.648,0.64,1.5222,0.801,0.6222,0.2188,0.1981,0.5167
2021-06-05,1.0217,0.58,0.6375,1.3553,0.761,0.5611,0.1992,0.1369,0.65
2021-06-06,0.8508500000000001,0.5414,0.6596,1.1111,0.62165,0.5639000000000001,0.2207,0.13035,0.8861000000000001
2021-06-07,0.68,0.5028,0.6817,0.8669,0.4823,0.5667,0.2422,0.1238,1.1222
2021-06-08,0.4567,0.497,0.6683,0.7047,0.4596,0.5722,0.2662,0.5306,0.9667
2021-06-09,0.7433,0.4972,0.6983,1.06,0.6202,0.5278,0.1858,0.3587,0.5667
2021-06-10,0.6817,0.5057,0.7775,0.8325,0.4679,0.7278,0.1868,0.2394,0.5667
2021-06-11,1.0283,0.5365,0.6925,1.0072,0.5398,0.6222,0.2102,0.2681,0.6889
2021-06-12,0.6333,0.5907,0.725,0.9475,0.5221,0.5722,0.232,0.1938,0.7889
2021-06-13,0.6285702702702702,0.5853891891891891,0.7247297297297297,0.9560486486486487,0.5259945945945946,0.5699486486486487,0.22935135135135137,0.1940027027027027,0.8066162162162163
2021-06-14,0.6238405405405405,0.5800783783783784,0.7244594594594594,0.9645972972972973,0.5298891891891891,0.5676972972972973,0.2267027027027027,0.1942054054054054,0.8243324324324325
2021-06-15,0.6191108108108108,0.5747675675675675,0.7241891891891892,0.973145945945946,0.5337837837837838,0.565445945945946,0.22405405405405407,0.1944081081081081,0.8420486486486487
2021-06-16,,,,,,,,,
2021-06-17,,,,,,,,,
2021-06-18,,,,,,,,,
2021-06-19,,,,,,,,,
2021-06-20,,,,,,,,,
2021-06-21,,,,,,,,,
2021-06-22,,,,,,,,,
2021-06-23,,,,,,,,,
2021-06-24,,,,,,,,,
2021-06-25,,,,,,,,,
2021-06-26,,,,,,,,,
2021-06-27,,,,,,,,,
2021-06-28,,,,,,,,,
2021-06-29,,,,,,,,,
2021-06-30,,,,,,,,,
2021-07-01,,,,,,,,,
2021-07-02,,,,,,,,,
2021-07-03,,,,,,,,,
2021-07-04,,,,,,,,,
2021-07-05,,,,,,,,,
2021-07-06,,,,,,,,,
2021-07-07,,,,,,,,,
2021-07-08,,,,,,,,,
2021-07-09,,,,,,,,,
2021-07-10,,,,,,,,,
2021-07-11,,,,,,,,,
2021-07-12,,,,,,,,,
2021-07-13,,,,,,,,,
2021-07-14,,,,,,,,,
2021-07-15,,,,,,,,,
2021-07-16,,,,,,,,,
2021-07-17,,,,,,,,,
2021-07-18,,,,,,,,,
2021-07-19,0.4583,0.3942,0.715,1.2638,0.6662,0.4889,0.134,0.2013,1.4444
2021-07-20,0.29,0.231,0.7942,0.9506,0.4883,0.4667,0.1324,0.1956,1.5056
2021-07-21,0.285,0.2185,0.405,0.8538,0.5844,0.45,0.1555,0.1994,0.8667
2021-07-22,0.405,0.3952,0.5717,0.7991,0.6312,0.2611,0.1909,0.28,1.5944
2021-07-23,0.345,0.3168,0.66,1.0678,0.6425,0.3389,0.1565,0.1594,0.9333
2021-07-24,0.4033,0.3977,0.6117,1.1469,0.721,0.5889,0.2055,0.1112,1.0611
2021-07-25,0.4135913043478261,0.4031782608695652,0.6311173913043479,1.1417347826086957,0.7117434782608696,0.5867260869565217,0.2040869565217391,0.11707391304347825,1.043708695652174
2021-07-26,0.4238826086956522,0.4086565217391304,0.6505347826086957,1.1365695652173913,0.7024869565217391,0.5845521739130435,0.20267391304347826,0.12294782608695651,1.0263173913043477
2021-07-27,0.43417391304347824,0.4141347826086957,0.6699521739130435,1.131404347826087,0.6932304347826087,0.5823782608695652,0.20126086956521738,0.12882173913043476,1.0089260869565218
2021-07-28,,,,,,,,,
2021-07-29,,,,,,,,,
2021-07-30,,,,,,,,,
2021-07-31,,,,,,,,,
2021-08-01,,,,,,,,,
2021-08-02,,,,,,,,,
2021-08-03,,,,,,,,,
2021-08-04,,,,,,,,,
2021-08-05,,,,,,,,,
2021-08-06,,,,,,,,,
2021-08-07,,,,,,,,,
2021-08-08,,,,,,,,,
2021-08-09,,,,,,,,,
2021-08-10,,,,,,,,,
2021-08-11,,,,,,,,,
2021-08-12,,,,,,,,,
2021-08-13,,,,,,,,,
2021-08-14,,,,,,,,,
2021-08-15,,,,,,,,,
2021-08-16,0.64,0.5237,1.0583,1.0281,0.5081,0.5389,0.173,0.2463,0.6611
2021-08-17,0.6317,0.5118,0.8025,1.1222,0.544,0.5889,0.2455,0.2144,0.9056
2021-08-18,0.965,0.5585,0.75,0.7966,0.4525,0.6,0.2644,0.185,1.0667
2021-08-19,0.5083,0.5552,0.7133,0.8484,0.5094,0.4056,0.2699,0.2306,0.6333
2021-08-20,0.3983,0.4888,0.6925,1.1316,0.58,0.4222,0.1201,0.1981,1.2722
2021-08-21,0.4,0.549,0.6483,1.1034,0.5679,1.0111,0.14,0.1438,0.65
2021-08-22,0.455,0.5562,0.6908,1.1124749999999999,0.572275,0.9513750000000001,0.146625,0.15862500000000002,0.5930500000000001
2021-08-23,0.51,0.5634,0.7333000000000001,1.12155,0.57665,0.89165,0.15325,0.17345,0.5361
2021-08-24,0.565,0.5706,0.7758,1.130625,0.581025,0.831925,0.15987500000000002,0.188275,0.47915
2021-08-25,0.62,0.5778,0.8183,1.1397,0.5854,0.7722,0.1665,0.2031,0.4222
2021-08-26,0.735,0.5815,0.8233,1.2056,0.5608,0.3944,0.2279,0.15,0.7167
2021-08-27,1.1383,0.5688,0.8083,1.07,0.5138,0.6278,0.3109,0.1438,0.5556
2021-08-28,0.9633,0.565,0.8858,0.9431,0.5148,0.6667,0.2156,0.1975,0.5111
2021-08-29,0.9383,0.5676,0.8570500000000001,1.0134500000000002,0.5529,0.6028,0.2153,0.17095,0.8166500000000001
2021-08-30,0.9133,0.5702,0.8283,1.0838,0.591,0.5389,0.215,0.1444,1.1222
2021-08-31,0.7933,0.6182,0.915,1.2084,0.6335,0.3722,0.1145,0.2188,1.4056
2021-09-01,0.6783,0.5748,0.7792,0.8797,0.5692,0.4833,0.2305,0.1912,0.5556
2021-09-02,0.78,0.549,0.73,1.0169,0.5771,0.4611,0.2409,0.215,0.9167
2021-09-03,1.0533,0.5478,0.7342,1.3525,0.6556,0.4667,0.2334,0.2012,0.5444
2021-09-04,0.8967,0.5475,0.7575,1.0734,0.5458,0.4667,0.197,0.1488,0.5889
2021-09-05,0.8817,0.54085,0.76085,1.03045,0.48905,0.4417,0.22975,0.14479999999999998,0.60555
2021-09-06,0.8667,0.5342,0.7642,0.9875,0.4323,0.4167,0.2625,0.1408,0.6222
2021-09-07,0.83,0.5775,0.5675,0.7928,0.4746,0.5333,0.2669,0.0669,0.8333
2021-09-08,0.9983,0.547,0.6967,0.8769,0.4671,0.4722,0.2136,0.0469,0.5444
2021-09-09,1.3867,0.565,0.6475,1.1703,0.6152,0.7056,0.2291,0.1556,0.55
2021-09-10,1.0,0.567,0.6717,0.9728,0.554,0.5778,0.291,0.2169,1.1
2021-09-11,1.6783,0.6172,0.7483,1.1159,0.5356,0.5889,0.2114,0.1808,0.6333
2021-09-12,1.3991500000000001,0.5851,0.72205,1.2252999999999998,0.5798,0.525,0.2445,0.21789999999999998,0.7
2021-09-13,1.12,0.553,0.6958,1.3347,0.624,0.4611,0.2776,0.255,0.7667
2021-09-14,0.7333,0.5758,0.7408,1.3581,0.6594,0.8444,0.2789,0.2188,0.4667
2021-09-15,1.12,0.554,0.8275,1.2469,0.6708,0.8722,0.2216,0.2375,0.6722
2021-09-16,0.8417,0.5727,0.9217,1.4794,0.781,0.6722,0.2009,0.1906,0.9444
2021-09-17,0.3383,0.5407,0.8183,1.4781,0.7331,0.7833,0.1909,0.1656,1.4111
2021-09-18,0.3367,0.5745,0.7783,1.4488,0.7165,0.8444,0.2259,0.2325,1.0278
2021-09-19,0.58085,0.61675,0.7275,1.2319,0.6298,0.88885,0.246,0.2525,0.8639
2021-09-20,0.825,0.659,0.6767,1.015,0.5431,0.9333,0.2661,0.2725,0.7
2021-09-21,0.4917,0.5768,0.5983,1.1075,0.5821,0.7167,0.2172,0.2175,0.5278
2021-09-22,0.71,0.607,0.6167,1.1588,0.725,0.9333,0.2551,0.1788,0.4889
2021-09-23,0.66,0.6617,0.6217,1.0594,0.6237,0.9833,0.2162,0.1994,0.5389
2021-09-24,0.6167,0.5885,0.8342,1.0081,0.5169,0.8056,0.1639,0.3044,0.6333
2021-09-25,0.665,0.597,0.8492,1.2275,0.6471,0.9389,0.2027,0.2212,0.9667
2021-09-26,0.6625000000000001,0.5739,0.86335,1.2974999999999999,0.68815,0.94445,0.19755,0.19619999999999999,0.83055
2021-09-27,0.66,0.5508,0.8775,1.3675,0.7292,0.95,0.1924,0.1712,0.6944
2021-09-28,0.76,0.4747,0.8175,1.0516,0.5544,0.9056,0.1826,0.1906,0.6111
2021-09-29,0.8167,0.5608,0.7883,0.9166,0.4825,0.5778,0.2498,0.2238,0.6556
2021-09-30,0.7067,0.5725,0.7692,0.7684,0.4621,0.5778,0.2816,0.1513,0.9444
2021-10-01,0.7617,0.553,0.8217,0.8309,0.6604,0.9333,0.2219,0.2156,0.4889
2021-10-02,0.7033,0.5697,0.7317,1.0031,0.6369,1.3,0.1703,0.2156,0.5278
2021-10-03,0.7616499999999999,0.5387,0.65375,1.08485,0.6244000000000001,0.96945,0.179,0.21655000000000002,0.56945
2021-10-04,0.82,0.5077,0.5758,1.1666,0.6119,0.6389,0.1877,0.2175,0.6111
2021-10-05,0.4917,0.5212,0.5317,1.2416,0.6027,0.6389,0.173,0.2037,0.7778
2021-10-06,0.4367,0.5822,0.5508,1.15,0.5829,0.5722,0.1609,0.1912,0.6167
2021-10-07,0.375,0.5268,0.5583,0.9606,0.5171,0.5389,0.1746,0.1938,0.6889
2021-10-08,0.5333,0.492,0.505,1.0237,0.5175,0.5722,0.1992,0.22,0.6444
2021-10-09,0.48,0.578,0.5558,0.8362,0.4694,0.5889,0.17,0.1744,0.5611
2021-10-10,0.755,0.5901,0.58,0.86855,0.50805,0.5610999999999999,0.17705,0.1794,0.525
2021-10-11,1.03,0.6022,0.6042,0.9009,0.5467,0.5333,0.1841,0.1844,0.4889
2021-10-12,0.8217,0.532,0.6042,0.9462,0.5473,0.6389,0.2138,0.2194,0.45
2021-10-13,0.545,0.5053,0.57,1.0587,0.5917,0.4944,0.2447,0.2044,0.7556
2021-10-14,0.6889000000000001,0.5263666666666666,0.6002666666666666,1.1082,0.6017666666666667,0.5166333333333334,0.24153333333333332,0.19253333333333333,0.7315
2021-10-15,0.8328,0.5474333333333333,0.6305333333333334,1.1577,0.6118333333333333,0.5388666666666667,0.23836666666666667,0.18066666666666667,0.7074
2021-10-16,0.9767,0.5685,0.6608,1.2072,0.6219,0.5611,0.2352,0.1688,0.6833
2021-10-17,0.86835,0.58135,0.6395500000000001,1.19455,0.63855,0.5472,0.2397,0.17220000000000002,0.6472
2021-10-18,0.76,0.5942,0.6183,1.1819,0.6552,0.5333,0.2442,0.1756,0.6111
2021-10-19,0.6517,0.601,0.58,1.2337,0.6294,0.4833,0.2779,0.2425,0.9333
2021-10-20,0.71,0.6035,0.5608,1.0816,0.4738,0.5833,0.2415,0.1994,0.5
2021-10-21,0.7333,0.6082,0.53,0.9034,0.4615,0.4111,0.1876,0.2431,0.7167
2021-10-22,0.7783,0.541,0.5758,0.7438,0.4165,0.6722,0.2031,0.1894,0.6333
2021-10-23,0.6567,0.539,0.5392,1.205,0.5596,0.4278,0.1599,0.1456,0.45
2021-10-24,0.6441,0.5413111111111112,0.5384555555555556,1.2063555555555556,0.5654333333333333,0.4444666666666667,0.16523333333333332,0.15213333333333334,0.49135555555555555
2021-10-25,0.6315,0.5436222222222222,0.5377111111111111,1.2077111111111112,0.5712666666666667,0.46113333333333334,0.17056666666666664,0.15866666666666668,0.5327111111111111
2021-10-26,0.6189,0.5459333333333334,0.5369666666666667,1.2090666666666667,0.5771,0.4778,0.1759,0.1652,0.5740666666666667
2021-10-27,,,,,,,,,
2021-10-28,,,,,,,,,
2021-10-29,,,,,,,,,
2021-10-30,,,,,,,,,
2021-10-31,,,,,,,,,
2021-11-01,0.5433,0.5598,0.5325,1.2172,0.6121,0.5778,0.2079,0.2044,0.8222
2021-11-02,0.72,0.4642,0.5617,1.2288,0.6188,1.1444,0.2458,0.2006,0.7889
2021-11-03,0.8817,0.4428,0.5425,0.775,0.4602,0.55,0.1869,0.2406,0.9556
2021-11-04,0.3883,0.5512,0.4733,0.675,0.4037,0.6611,0.1596,0.2081,0.8389
2021-11-05,0.61,0.527,0.5067,0.7641,0.5921,1.2667,0.1411,0.2019,0.7944
2021-11-06,0.5383,0.5247,0.4342,0.9712,0.5906,0.9833,0.1755,0.1637,0.7333
2021-11-07,0.5442333333333333,0.5305333333333334,0.4462333333333333,1.0108222222222223,0.6356,0.9357777777777777,0.17295555555555556,0.16655555555555557,0.7376222222222222
2021-11-08,0.5501666666666667,0.5363666666666668,0.45826666666666666,1.0504444444444445,0.6806,0.8882555555555556,0.1704111111111111,0.16941111111111112,0.7419444444444444
2021-11-09,0.5561,0.5422,0.4703,1.0900666666666667,0.7256,0.8407333333333333,0.16786666666666666,0.17226666666666668,0.7462666666666666
2021-11-10,,,,,,,,,
2021-11-11,,,,,,,,,
2021-11-12,,,,,,,,,
2021-11-13,,,,,,,,,
2021-11-14,,,,,,,,,
2021-11-15,0.5917,0.5772,0.5425,1.3278,0.9956,0.5556,0.1526,0.1894,0.7722
2021-11-16,0.475,0.5785,0.4892,1.0259,0.5604,0.4667,0.0791,0.1662,1.0389
2021-11-17,0.425,0.5187,0.4733,0.9287,0.506,0.5,0.0845,0.2331,0.6444
2021-11-18,0.3233,0.5432,0.4883,0.8756,0.4915,0.4333,0.1551,0.1825,0.5722
2021-11-19,0.4383,0.5255,0.4533,1.0184,0.5373,0.4667,0.1044,0.2175,0.5333
2021-11-20,0.6067,0.6005,0.4733,1.0481,0.5688,0.4944,0.131,0.2138,0.4167
2021-11-21,0.5217,0.5986,0.48375,0.9545,0.5393,0.50275,0.20055,0.2972,0.4528
2021-11-22,0.4367,0.5967,0.4942,0.8609,0.5098,0.5111,0.2701,0.3806,0.4889
2021-11-23,0.32,0.505,0.5158,0.8991,0.4842,0.65,0.1944,0.395,0.8
2021-11-24,0.7517,0.547,0.4717,0.9306,0.5413,0.8222,0.1515,0.3681,0.5722
2021-11-25,0.48,0.5205,0.4683,1.0403,0.5519,0.7278,0.1609,0.2269,0.4778
2021-11-26,0.5417,0.493,0.4508,1.2644,0.6579,0.5444,0.1371,0.1794,0.7833
2021-11-27,0.3867,0.5452,0.565,1.3075,0.6777,0.8111,0.1381,0.1744,0.6222
2021-11-28,0.412525,0.5311,0.526675,1.215,0.653575,0.709725,0.137575,0.1719,0.6611
2021-11-29,0.43835,0.517,0.48834999999999995,1.1225,0.6294500000000001,0.6083500000000001,0.13705,0.1694,0.7
2021-11-30,0.464175,0.5029,0.450025,1.03,0.605325,0.5069750000000001,0.136525,0.1669,0.7389
2021-12-01,0.49,0.4888,0.4117,0.9375,0.5812,0.4056,0.136,0.1644,0.7778
2021-12-02,0.6067,0.4897,0.4625,0.8128,0.4556,0.6611,0.1441,0.2525,0.5722
2021-12-03,0.3783,0.5102,0.415,0.9966,0.5452,0.6167,0.1409,0.1788,0.6944
2021-12-04,0.9017,0.5425,0.3675,1.0612,0.5665,0.45,0.1364,0.2381,0.9056
2021-12-05,0.901335871743487,0.5422324649298597,0.3679374749498998,1.060580761523046,0.5663729458917836,0.44983306613226454,0.1365064128256513,0.2379184368737475,0.904887374749499
2021-12-06,0.9009717434869738,0.5419649298597194,0.3683749498997996,1.0599615230460921,0.5662458917835671,0.44966613226452906,0.1366128256513026,0.237736873747495,0.904174749498998
2021-12-07,0.9006076152304608,0.5416973947895791,0.3688124248496994,1.0593422845691383,0.5661188376753507,0.4494991983967936,0.1367192384769539,0.2375553106212425,0.9034621242484969
2021-12-08,,,,,,,,,
2021-12-09,,,,,,,,,
2021-12-10,,,,,,,,,
2021-12-11,,,,,,,,,
2021-12-12,,,,,,,,,
2021-12-13,,,,,,,,,
2021-12-14,,,,,,,,,
2021-12-15,,,,,,,,,
2021-12-16,,,,,,,,,
2021-12-17,,,,,,,,,
2021-12-18,,,,,,,,,
2021-12-19,,,,,,,,,
2021-12-20,,,,,,,,,
2021-12-21,,,,,,,,,
2021-12-22,,,,,,,,,
2021-12-23,,,,,,,,,
2021-12-24,,,,,,,,,
2021-12-25,,,,,,,,,
2021-12-26,,,,,,,,,
2021-12-27,,,,,,,,,
2021-12-28,,,,,,,,,
2021-12-29,,,,,,,,,
2021-12-30,,,,,,,,,
2021-12-31,,,,,,,,,
2022-01-01,,,,,,,,,
2022-01-02,,,,,,,,,
2022-01-03,,,,,,,,,
2022-01-04,,,,,,,,,
2022-01-05,,,,,,,,,
2022-01-06,,,,,,,,,
2022-01-07,,,,,,,,,
2022-01-08,,,,,,,,,
2022-01-09,,,,,,,,,
2022-01-10,,,,,,,,,
2022-01-11,,,,,,,,,
2022-01-12,,,,,,,,,
2022-01-13,,,,,,,,,
2022-01-14,,,,,,,,,
2022-01-15,,,,,,,,,
2022-01-16,,,,,,,,,
2022-01-17,,,,,,,,,
2022-01-18,,,,,,,,,
2022-01-19,,,,,,,,,
2022-01-20,,,,,,,,,
2022-01-21,,,,,,,,,
2022-01-22,,,,,,,,,
2022-01-23,,,,,,,,,
2022-01-24,,,,,,,,,
2022-01-25,,,,,,,,,
2022-01-26,,,,,,,,,
2022-01-27,,,,,,,,,
2022-01-28,,,,,,,,,
2022-01-29,,,,,,,,,
2022-01-30,,,,,,,,,
2022-01-31,,,,,,,,,
2022-02-01,,,,,,,,,
2022-02-02,,,,,,,,,
2022-02-03,,,,,,,,,
2022-02-04,,,,,,,,,
2022-02-05,,,,,,,,,
2022-02-06,,,,,,,,,
2022-02-07,,,,,,,,,
2022-02-08,,,,,,,,,
2022-02-09,,,,,,,,,
2022-02-10,,,,,,,,,
2022-02-11,,,,,,,,,
2022-02-12,,,,,,,,,
2022-02-13,,,,,,,,,
2022-02-14,,,,,,,,,
2022-02-15,,,,,,,,,
2022-02-16,,,,,,,,,
2022-02-17,,,,,,,,,
2022-02-18,,,,,,,,,
2022-02-19,,,,,,,,,
2022-02-20,,,,,,,,,
2022-02-21,,,,,,,,,
2022-02-22,,,,,,,,,
2022-02-23,,,,,,,,,
2022-02-24,,,,,,,,,
2022-02-25,,,,,,,,,
2022-02-26,,,,,,,,,
2022-02-27,,,,,,,,,
2022-02-28,,,,,,,,,
2022-03-01,,,,,,,,,
2022-03-02,,,,,,,,,
2022-03-03,,,,,,,,,
2022-03-04,,,,,,,,,
2022-03-05,,,,,,,,,
2022-03-06,,,,,,,,,
2022-03-07,,,,,,,,,
2022-03-08,,,,,,,,,
2022-03-09,,,,,,,,,
2022-03-10,,,,,,,,,
2022-03-11,,,,,,,,,
2022-03-12,,,,,,,,,
2022-03-13,,,,,,,,,
2022-03-14,,,,,,,,,
2022-03-15,,,,,,,,,
2022-03-16,,,,,,,,,
2022-03-17,,,,,,,,,
2022-03-18,,,,,,,,,
2022-03-19,,,,,,,,,
2022-03-20,,,,,,,,,
2022-03-21,,,,,,,,,
2022-03-22,,,,,,,,,
2022-03-23,,,,,,,,,
2022-03-24,,,,,,,,,
2022-03-25,,,,,,,,,
2022-03-26,,,,,,,,,
2022-03-27,,,,,,,,,
2022-03-28,,,,,,,,,
2022-03-29,,,,,,,,,
2022-03-30,,,,,,,,,
2022-03-31,,,,,,,,,
2022-04-01,,,,,,,,,
2022-04-02,,,,,,,,,
2022-04-03,,,,,,,,,
2022-04-04,,,,,,,,,
2022-04-05,,,,,,,,,
2022-04-06,,,,,,,,,
2022-04-07,,,,,,,,,
2022-04-08,,,,,,,,,
2022-04-09,,,,,,,,,
2022-04-10,,,,,,,,,
2022-04-11,,,,,,,,,
2022-04-12,,,,,,,,,
2022-04-13,,,,,,,,,
2022-04-14,,,,,,,,,
2022-04-15,,,,,,,,,
2022-04-16,,,,,,,,,
2022-04-17,,,,,,,,,
2022-04-18,,,,,,,,,
2022-04-19,,,,,,,,,
2022-04-20,,,,,,,,,
2022-04-21,,,,,,,,,
2022-04-22,,,,,,,,,
2022-04-23,,,,,,,,,
2022-04-24,,,,,,,,,
2022-04-25,,,,,,,,,
2022-04-26,,,,,,,,,
2022-04-27,,,,,,,,,
2022-04-28,,,,,,,,,
2022-04-29,,,,,,,,,
2022-04-30,,,,,,,,,
2022-05-01,,,,,,,,,
2022-05-02,,,,,,,,,
2022-05-03,,,,,,,,,
2022-05-04,,,,,,,,,
2022-05-05,,,,,,,,,
2022-05-06,,,,,,,,,
2022-05-07,,,,,,,,,
2022-05-08,,,,,,,,,
2022-05-09,,,,,,,,,
2022-05-10,,,,,,,,,
2022-05-11,,,,,,,,,
2022-05-12,,,,,,,,,
2022-05-13,,,,,,,,,
2022-05-14,,,,,,,,,
2022-05-15,,,,,,,,,
2022-05-16,,,,,,,,,
2022-05-17,,,,,,,,,
2022-05-18,,,,,,,,,
2022-05-19,,,,,,,,,
2022-05-20,,,,,,,,,
2022-05-21,,,,,,,,,
2022-05-22,,,,,,,,,
2022-05-23,,,,,,,,,
2022-05-24,,,,,,,,,
2022-05-25,,,,,,,,,
2022-05-26,,,,,,,,,
2022-05-27,,,,,,,,,
2022-05-28,,,,,,,,,
2022-05-29,,,,,,,,,
2022-05-30,,,,,,,,,
2022-05-31,,,,,,,,,
2022-06-01,,,,,,,,,
2022-06-02,,,,,,,,,
2022-06-03,,,,,,,,,
2022-06-04,,,,,,,,,
2022-06-05,,,,,,,,,
2022-06-06,,,,,,,,,
2022-06-07,,,,,,,,,
2022-06-08,,,,,,,,,
2022-06-09,,,,,,,,,
2022-06-10,,,,,,,,,
2022-06-11,,,,,,,,,
2022-06-12,,,,,,,,,
2022-06-13,,,,,,,,,
2022-06-14,,,,,,,,,
2022-06-15,,,,,,,,,
2022-06-16,,,,,,,,,
2022-06-17,,,,,,,,,
2022-06-18,,,,,,,,,
2022-06-19,,,,,,,,,
2022-06-20,,,,,,,,,
2022-06-21,,,,,,,,,
2022-06-22,,,,,,,,,
2022-06-23,,,,,,,,,
2022-06-24,,,,,,,,,
2022-06-25,,,,,,,,,
2022-06-26,,,,,,,,,
2022-06-27,,,,,,,,,
2022-06-28,,,,,,,,,
2022-06-29,,,,,,,,,
2022-06-30,,,,,,,,,
2022-07-01,,,,,,,,,
2022-07-02,,,,,,,,,
2022-07-03,,,,,,,,,
2022-07-04,,,,,,,,,
2022-07-05,,,,,,,,,
2022-07-06,,,,,,,,,
2022-07-07,,,,,,,,,
2022-07-08,,,,,,,,,
2022-07-09,,,,,,,,,
2022-07-10,,,,,,,,,
2022-07-11,,,,,,,,,
2022-07-12,,,,,,,,,
2022-07-13,,,,,,,,,
2022-07-14,,,,,,,,,
2022-07-15,,,,,,,,,
2022-07-16,,,,,,,,,
2022-07-17,,,,,,,,,
2022-07-18,,,,,,,,,
2022-07-19,,,,,,,,,
2022-07-20,,,,,,,,,
2022-07-21,,,,,,,,,
2022-07-22,,,,,,,,,
2022-07-23,,,,,,,,,
2022-07-24,,,,,,,,,
2022-07-25,,,,,,,,,
2022-07-26,,,,,,,,,
2022-07-27,,,,,,,,,
2022-07-28,,,,,,,,,
2022-07-29,,,,,,,,,
2022-07-30,,,,,,,,,
2022-07-31,,,,,,,,,
2022-08-01,,,,,,,,,
2022-08-02,,,,,,,,,
2022-08-03,,,,,,,,,
2022-08-04,,,,,,,,,
2022-08-05,,,,,,,,,
2022-08-06,,,,,,,,,
2022-08-07,,,,,,,,,
2022-08-08,,,,,,,,,
2022-08-09,,,,,,,,,
2022-08-10,,,,,,,,,
2022-08-11,,,,,,,,,
2022-08-12,,,,,,,,,
2022-08-13,,,,,,,,,
2022-08-14,,,,,,,,,
2022-08-15,,,,,,,,,
2022-08-16,,,,,,,,,
2022-08-17,,,,,,,,,
2022-08-18,,,,,,,,,
2022-08-19,,,,,,,,,
2022-08-20,,,,,,,,,
2022-08-21,,,,,,,,,
2022-08-22,,,,,,,,,
2022-08-23,,,,,,,,,
2022-08-24,,,,,,,,,
2022-08-25,,,,,,,,,
2022-08-26,,,,,,,,,
2022-08-27,,,,,,,,,
2022-08-28,,,,,,,,,
2022-08-29,,,,,,,,,
2022-08-30,,,,,,,,,
2022-08-31,,,,,,,,,
2022-09-01,,,,,,,,,
2022-09-02,,,,,,,,,
2022-09-03,,,,,,,,,
2022-09-04,,,,,,,,,
2022-09-05,,,,,,,,,
2022-09-06,,,,,,,,,
2022-09-07,,,,,,,,,
2022-09-08,,,,,,,,,
2022-09-09,,,,,,,,,
2022-09-10,,,,,,,,,
2022-09-11,,,,,,,,,
2022-09-12,,,,,,,,,
2022-09-13,,,,,,,,,
2022-09-14,,,,,,,,,
2022-09-15,,,,,,,,,
2022-09-16,,,,,,,,,
2022-09-17,,,,,,,,,
2022-09-18,,,,,,,,,
2022-09-19,,,,,,,,,
2022-09-20,,,,,,,,,
2022-09-21,,,,,,,,,
2022-09-22,,,,,,,,,
2022-09-23,,,,,,,,,
2022-09-24,,,,,,,,,
2022-09-25,,,,,,,,,
2022-09-26,,,,,,,,,
2022-09-27,,,,,,,,,
2022-09-28,,,,,,,,,
2022-09-29,,,,,,,,,
2022-09-30,,,,,,,,,
2022-10-01,,,,,,,,,
2022-10-02,,,,,,,,,
2022-10-03,,,,,,,,,
2022-10-04,,,,,,,,,
2022-10-05,,,,,,,,,
2022-10-06,,,,,,,,,
2022-10-07,,,,,,,,,
2022-10-08,,,,,,,,,
2022-10-09,,,,,,,,,
2022-10-10,,,,,,,,,
2022-10-11,,,,,,,,,
2022-10-12,,,,,,,,,
2022-10-13,,,,,,,,,
2022-10-14,,,,,,,,,
2022-10-15,,,,,,,,,
2022-10-16,,,,,,,,,
2022-10-17,,,,,,,,,
2022-10-18,,,,,,,,,
2022-10-19,,,,,,,,,
2022-10-20,,,,,,,,,
2022-10-21,,,,,,,,,
2022-10-22,,,,,,,,,
2022-10-23,,,,,,,,,
2022-10-24,,,,,,,,,
2022-10-25,,,,,,,,,
2022-10-26,,,,,,,,,
2022-10-27,,,,,,,,,
2022-10-28,,,,,,,,,
2022-10-29,,,,,,,,,
2022-10-30,,,,,,,,,
2022-10-31,,,,,,,,,
2022-11-01,,,,,,,,,
2022-11-02,,,,,,,,,
2022-11-03,,,,,,,,,
2022-11-04,,,,,,,,,
2022-11-05,,,,,,,,,
2022-11-06,,,,,,,,,
2022-11-07,,,,,,,,,
2022-11-08,,,,,,,,,
2022-11-09,,,,,,,,,
2022-11-10,,,,,,,,,
2022-11-11,,,,,,,,,
2022-11-12,,,,,,,,,
2022-11-13,,,,,,,,,
2022-11-14,,,,,,,,,
2022-11-15,,,,,,,,,
2022-11-16,,,,,,,,,
2022-11-17,,,,,,,,,
2022-11-18,,,,,,,,,
2022-11-19,,,,,,,,,
2022-11-20,,,,,,,,,
2022-11-21,,,,,,,,,
2022-11-22,,,,,,,,,
2022-11-23,,,,,,,,,
2022-11-24,,,,,,,,,
2022-11-25,,,,,,,,,
2022-11-26,,,,,,,,,
2022-11-27,,,,,,,,,
2022-11-28,,,,,,,,,
2022-11-29,,,,,,,,,
2022-11-30,,,,,,,,,
2022-12-01,,,,,,,,,
2022-12-02,,,,,,,,,
2022-12-03,,,,,,,,,
2022-12-04,,,,,,,,,
2022-12-05,,,,,,,,,
2022-12-06,,,,,,,,,
2022-12-07,,,,,,,,,
2022-12-08,,,,,,,,,
2022-12-09,,,,,,,,,
2022-12-10,,,,,,,,,
2022-12-11,,,,,,,,,
2022-12-12,,,,,,,,,
2022-12-13,,,,,,,,,
2022-12-14,,,,,,,,,
2022-12-15,,,,,,,,,
2022-12-16,,,,,,,,,
2022-12-17,,,,,,,,,
2022-12-18,,,,,,,,,
2022-12-19,,,,,,,,,
2022-12-20,,,,,,,,,
2022-12-21,,,,,,,,,
2022-12-22,,,,,,,,,
2022-12-23,,,,,,,,,
2022-12-24,,,,,,,,,
2022-12-25,,,,,,,,,
2022-12-26,,,,,,,,,
2022-12-27,,,,,,,,,
2022-12-28,,,,,,,,,
2022-12-29,,,,,,,,,
2022-12-30,,,,,,,,,
2022-12-31,,,,,,,,,
2023-01-01,,,,,,,,,
2023-01-02,,,,,,,,,
2023-01-03,,,,,,,,,
2023-01-04,,,,,,,,,
2023-01-05,,,,,,,,,
2023-01-06,,,,,,,,,
2023-01-07,,,,,,,,,
2023-01-08,,,,,,,,,
2023-01-09,,,,,,,,,
2023-01-10,,,,,,,,,
2023-01-11,,,,,,,,,
2023-01-12,,,,,,,,,
2023-01-13,,,,,,,,,
2023-01-14,,,,,,,,,
2023-01-15,,,,,,,,,
2023-01-16,,,,,,,,,
2023-01-17,,,,,,,,,
2023-01-18,,,,,,,,,
2023-01-19,,,,,,,,,
2023-01-20,,,,,,,,,
2023-01-21,,,,,,,,,
2023-01-22,,,,,,,,,
2023-01-23,,,,,,,,,
2023-01-24,,,,,,,,,
2023-01-25,,,,,,,,,
2023-01-26,,,,,,,,,
2023-01-27,,,,,,,,,
2023-01-28,,,,,,,,,
2023-01-29,,,,,,,,,
2023-01-30,,,,,,,,,
2023-01-31,,,,,,,,,
2023-02-01,,,,,,,,,
2023-02-02,,,,,,,,,
2023-02-03,,,,,,,,,
2023-02-04,,,,,,,,,
2023-02-05,,,,,,,,,
2023-02-06,,,,,,,,,
2023-02-07,,,,,,,,,
2023-02-08,,,,,,,,,
2023-02-09,,,,,,,,,
2023-02-10,,,,,,,,,
2023-02-11,,,,,,,,,
2023-02-12,,,,,,,,,
2023-02-13,,,,,,,,,
2023-02-14,,,,,,,,,
2023-02-15,,,,,,,,,
2023-02-16,,,,,,,,,
2023-02-17,,,,,,,,,
2023-02-18,,,,,,,,,
2023-02-19,,,,,,,,,
2023-02-20,,,,,,,,,
2023-02-21,,,,,,,,,
2023-02-22,,,,,,,,,
2023-02-23,,,,,,,,,
2023-02-24,,,,,,,,,
2023-02-25,,,,,,,,,
2023-02-26,,,,,,,,,
2023-02-27,,,,,,,,,
2023-02-28,,,,,,,,,
2023-03-01,,,,,,,,,
2023-03-02,,,,,,,,,
2023-03-03,,,,,,,,,
2023-03-04,,,,,,,,,
2023-03-05,,,,,,,,,
2023-03-06,,,,,,,,,
2023-03-07,,,,,,,,,
2023-03-08,,,,,,,,,
2023-03-09,,,,,,,,,
2023-03-10,,,,,,,,,
2023-03-11,,,,,,,,,
2023-03-12,,,,,,,,,
2023-03-13,,,,,,,,,
2023-03-14,,,,,,,,,
2023-03-15,,,,,,,,,
2023-03-16,,,,,,,,,
2023-03-17,,,,,,,,,
2023-03-18,,,,,,,,,
2023-03-19,,,,,,,,,
2023-03-20,,,,,,,,,
2023-03-21,,,,,,,,,
2023-03-22,,,,,,,,,
2023-03-23,,,,,,,,,
2023-03-24,,,,,,,,,
2023-03-25,,,,,,,,,
2023-03-26,,,,,,,,,
2023-03-27,,,,,,,,,
2023-03-28,,,,,,,,,
2023-03-29,,,,,,,,,
2023-03-30,,,,,,,,,
2023-03-31,,,,,,,,,
2023-04-01,,,,,,,,,
2023-04-02,,,,,,,,,
2023-04-03,,,,,,,,,
2023-04-04,,,,,,,,,
2023-04-05,,,,,,,,,
2023-04-06,,,,,,,,,
2023-04-07,,,,,,,,,
2023-04-08,,,,,,,,,
2023-04-09,,,,,,,,,
2023-04-10,,,,,,,,,
2023-04-11,,,,,,,,,
2023-04-12,,,,,,,,,
2023-04-13,,,,,,,,,
2023-04-14,,,,,,,,,
2023-04-15,,,,,,,,,
2023-04-16,,,,,,,,,
2023-04-17,0.72,0.409,0.5858,0.7522,0.5031,0.3667,0.1895,0.1475,0.55
2023-04-18,0.495,0.3457,0.565,0.8581,0.4342,0.4389,0.2296,0.2256,0.4889
2023-04-19,0.4433,0.3215,0.54,1.0344,0.4063,0.5611,0.2989,0.1612,0.6722
2023-04-20,0.385,0.3515,0.5358,0.9819,0.4502,0.4167,0.2598,0.1863,0.4222
2023-04-21,0.555,0.3382,0.5358,0.7909,0.4058,1.4167,0.2305,0.1544,0.6333
2023-04-22,1.1167,0.3233,0.6042,0.7081,0.3804,0.5056,0.1995,0.2081,0.55
2023-04-23,0.8942,0.35505,0.60375,0.8386,0.42675,0.53615,0.223,0.19935,0.5305500000000001
2023-04-24,0.6717,0.3868,0.6033,0.9691,0.4731,0.5667,0.2465,0.1906,0.5111
2023-04-25,0.3933,0.3632,0.5725,0.9791,0.4846,0.8333,0.2491,0.1838,0.5556
2023-04-26,0.3333,0.356,0.5192,1.0372,0.4713,0.95,0.2357,0.1731,0.5778
2023-04-27,0.3817,0.3415,0.4892,0.9128,0.5394,0.7389,0.2511,0.1656,0.4222
2023-04-28,0.5983,0.3952,0.5067,0.9084,0.4696,0.9111,0.2547,0.1575,0.45
2023-04-29,0.3833,0.3132,0.5458,0.7847,0.4533,1.1556,0.2512,0.1119,0.5833
2023-04-30,0.46749999999999997,0.295,0.55875,0.8496999999999999,0.45645,0.9278,0.24484999999999998,0.1194,0.5472
2023-05-01,0.5517,0.2768,0.5717,0.9147,0.4596,0.7,0.2385,0.1269,0.5111
2023-05-02,0.6117,0.291,0.5633,1.0497,0.5112,0.6056,0.2394,0.1144,0.5111
2023-05-03,0.5083,0.3062,0.52,0.6897,0.4158,0.5333,0.2122,0.1562,0.6389
2023-05-04,0.3883,0.3695,0.4633,0.8359,0.4671,0.55,0.1786,0.1538,0.3833
2023-05-05,0.5567,0.3345,0.4867,0.9328,0.4533,0.9833,0.1656,0.1344,0.55
2023-05-06,0.6067,0.3492,0.4983,0.7147,0.4273,0.9,0.1737,0.12,0.6722
2023-05-07,0.6146125,0.347575,0.49939375,0.7176875,0.42525625,0.8718750000000001,0.17250625,0.1205875,0.6680375000000001
2023-05-08,0.622525,0.34595,0.5004875,0.720675,0.4232125,0.84375,0.17131249999999998,0.12117499999999999,0.663875
2023-05-09,0.6304375,0.344325,0.50158125,0.7236625,0.42116875000000004,0.815625,0.17011874999999999,0.1217625,0.6597125
2023-05-10,,,,,,,,,
2023-05-11,,,,,,,,,
2023-05-12,,,,,,,,,
2023-05-13,,,,,,,,,
2023-05-14,,,,,,,,,
2023-05-15,,,,,,,,,
2023-05-16,,,,,,,,,
2023-05-17,,,,,,,,,
2023-05-18,,,,,,,,,
2023-05-19,,,,,,,,,
2023-05-20,,,,,,,,,
2023-05-21,,,,,,,,,
2023-05-22,0.7333,0.3232,0.5158,0.7625,0.3946,0.45,0.1546,0.1294,0.6056
2023-05-23,0.5117,0.3025,0.615,0.9609,0.4956,0.6444,0.17,0.2531,0.6556
2023-05-24,0.6867,0.3198,0.6475,1.0947,0.5285,0.8056,0.1866,0.2344,0.65
2023-05-25,0.74,0.3553,0.63,0.8322,0.4323,0.5889,0.2114,0.1856,0.4
2023-05-26,0.57,0.3182,0.635,0.9362,0.481,0.6,0.1927,0.1856,0.5722
2023-05-27,0.4567,0.2765,0.6183,0.9419,0.5577,0.7056,0.1809,0.165,0.3556
2023-05-28,0.54,0.31310000000000004,0.6329,0.968,0.5295,0.70835,0.1805,0.1578,0.46115
2023-05-29,0.6233,0.3497,0.6475,0.9941,0.5013,0.7111,0.1801,0.1506,0.5667
2023-05-30,0.9033,0.3335,0.6408,0.7075,0.4067,0.9833,0.1714,0.3612,0.5222
2023-05-31,0.5717,0.334,0.6,0.9216,0.4783,0.5556,0.1486,0.3019,0.7333
2023-06-01,0.5683,0.3472,0.6842,0.9034,0.5023,0.4222,0.1656,0.2606,0.3556
2023-06-02,0.86,0.3717,0.665,0.8106,0.409,0.2833,0.1879,0.1806,0.4389
2023-06-03,0.4483,0.4215,0.5517,0.7872,0.3979,0.2722,0.1866,0.1956,0.7722
2023-06-04,0.45165,0.38725,0.5917,0.8948499999999999,0.46924999999999994,0.35,0.17415,0.19685,0.5832999999999999
2023-06-05,0.455,0.353,0.6317,1.0025,0.5406,0.4278,0.1617,0.1981,0.3944
2023-06-06,0.57,0.331,0.6392,1.0512,0.524,0.4111,0.1724,0.1106,0.5278
2023-06-07,0.5067,0.307,0.6217,1.1359,0.606,0.4278,0.1544,0.1906,0.35
2023-06-08,0.5717,0.3772,0.6092,1.4031,0.719,0.5833,0.1678,0.1519,0.5667
2023-06-09,0.575,0.3875,0.6642,1.3547,0.6377,0.3444,0.1504,0.1469,0.5222
2023-06-10,0.98,0.3672,0.6633,0.9781,0.6608,0.35,0.1484,0.1812,0.5667
2023-06-11,0.68335,0.3441,0.5979,0.97795,0.5631,0.3722,0.1577,0.19405,0.725
2023-06-12,0.3867,0.321,0.5325,0.9778,0.4654,0.3944,0.167,0.2069,0.8833
2023-06-13,0.395,0.3578,0.5892,0.6262,0.324,0.4111,0.1739,0.3388,0.55
2023-06-14,0.6783,0.3338,0.6083,0.5678,0.3102,0.4167,0.1535,0.2262,0.5222
2023-06-15,0.6817,0.358,0.6808,0.8019,0.3983,0.4222,0.1804,0.2212,0.7
2023-06-16,0.6917,0.3592,0.6617,1.0359,0.5869,0.4389,0.1531,0.1256,0.6611
2023-06-17,0.6933,0.3517,0.65,0.7884,0.4792,0.3611,0.142,0.2031,0.5667
2023-06-18,0.6033,0.33085,0.62585,0.7742,0.4292,0.35835,0.15699999999999997,0.2081,0.525
2023-06-19,0.5133,0.31,0.6017,0.76,0.3792,0.3556,0.172,0.2131,0.4833
2023-06-20,0.575,0.3618,0.6367,0.8091,0.4008,0.4389,0.1685,0.305,0.4
2023-06-21,0.69,0.4073,0.6417,0.7466,0.4179,0.4778,0.1639,0.3112,0.5722
2023-06-22,0.9167,0.3502,0.7392,0.9719,0.4967,0.45,0.1554,0.2644,0.4833
2023-06-23,0.8667,0.3148,0.8,1.0559,0.5229,0.4778,0.1395,0.2294,0.5278
2023-06-24,0.5783,0.2978,0.7067,1.0897,0.5746,0.4889,0.1397,0.1612,0.5278
2023-06-25,0.5483,0.3155,0.68045,1.0694,0.5650999999999999,0.4361,0.14739999999999998,0.24465,0.57225
2023-06-26,0.5183,0.3332,0.6542,1.0491,0.5556,0.3833,0.1551,0.3281,0.6167
2023-06-27,0.4567,0.3315,0.7,0.8531,0.4733,0.5056,0.1634,0.5869,0.3944
2023-06-28,0.5717,0.3355,0.605,0.7438,0.4588,0.5556,0.1655,0.525,0.4
2023-06-29,0.4,0.3222,0.5942,0.595,0.365,0.45,0.2249,0.5631,0.5667
2023-06-30,0.2883,0.38,0.6408,0.86,0.4562,0.5944,0.2595,0.4594,0.4889
2023-07-01,0.4033,0.4195,0.6942,0.95,0.5854,0.6444,0.2704,0.2175,0.4
2023-07-02,0.3758,0.43035,0.71375,1.02095,0.5349,0.55,0.2167,0.25595,0.4
2023-07-03,0.3483,0.4412,0.7333,1.0919,0.4844,0.4556,0.163,0.2944,0.4
2023-07-04,0.405,0.3462,0.7008,0.9969,0.5196,0.3667,0.1755,0.2181,0.4444
2023-07-05,0.2883,0.338,0.6708,0.9528,0.5217,0.3722,0.1391,0.1737,0.3556
2023-07-06,0.29,0.3778,0.7175,0.9225,0.5198,0.3389,0.2671,0.2162,0.4444
2023-07-07,0.285,0.397,0.64,1.0163,0.5517,0.4722,0.2755,0.1581,0.4833
2023-07-08,0.2833,0.3427,0.5683,1.0409,0.5406,0.3667,0.2227,0.1444,0.4
2023-07-09,0.4008,0.34195,0.6258,1.02685,0.5256000000000001,0.4389,0.2116,0.16565000000000002,0.4222
2023-07-10,0.5183,0.3412,0.6833,1.0128,0.5106,0.5111,0.2005,0.1869,0.4444
2023-07-11,0.4483,0.3425,0.6858,0.9397,0.4783,0.3,0.1762,0.1919,0.3556
2023-07-12,0.63,0.4325,0.6717,1.1994,0.6171,0.4056,0.1685,0.1656,0.4444
2023-07-13,0.3983,0.3262,0.7242,1.1037,0.6369,0.3889,0.1394,0.1319,0.7889
2023-07-14,0.6317,0.3335,0.7192,0.8597,0.4369,0.3611,0.1321,0.125,0.6611
2023-07-15,0.4033,0.3878,0.7592,0.8278,0.4021,0.2111,0.181,0.14,0.5333
2023-07-16,0.4044333333333333,0.3985333333333333,0.7728,0.8544666666666667,0.42933333333333334,0.24813333333333334,0.17193333333333333,0.1373,0.5333
2023-07-17,0.4055666666666667,0.40926666666666667,0.7864,0.8811333333333333,0.4565666666666667,0.2851666666666667,0.16286666666666666,0.1346,0.5333
2023-07-18,0.4067,0.42,0.8,0.9078,0.4838,0.3222,0.1538,0.1319,0.5333
2023-07-19,0.52,0.4078,0.7625,0.9403,0.4692,0.3556,0.1162,0.1112,0.4889
2023-07-20,0.635,0.3482,0.7608,0.9228,0.4725,0.3611,0.1442,0.1462,0.4444
2023-07-21,0.5767,0.3925,0.6825,1.0325,0.5196,0.3111,0.134,0.1044,0.4
2023-07-22,0.63,0.4158,0.5942,0.8147,0.4467,0.2167,0.1682,0.125,0.4889
2023-07-23,0.54585,0.441,0.64585,0.92985,0.48645,0.3028,0.1729,0.12875,0.48335
2023-07-24,0.4617,0.4662,0.6975,1.045,0.5262,0.3889,0.1776,0.1325,0.4778
2023-07-25,0.5233,0.4075,0.7292,1.1303,0.5673,0.3944,0.1745,0.12,0.4889
2023-07-26,0.405,0.4028,0.7167,0.805,0.4398,0.3833,0.1609,0.1119,0.5333
2023-07-27,0.69,0.4025,0.5633,0.5631,0.2696,0.5222,0.1682,0.145,0.5222
2023-07-28,0.5717,0.3982,0.6,0.5638,0.2873,0.4111,0.1724,0.1794,0.4444
2023-07-29,0.5767,0.3848,0.6817,0.5025,0.2942,0.8056,0.1415,0.16,0.4778
2023-07-30,0.4325,0.38825,0.69545,0.6061,0.32815,0.54725,0.14945,0.25405,0.5028
2023-07-31,0.2883,0.3917,0.7092,0.7097,0.3621,0.2889,0.1574,0.3481,0.5278
2023-08-01,0.9883,0.417,0.7717,0.7609,0.416,0.3778,0.1681,0.385,0.4444
2023-08-02,0.6383,0.451,0.73,0.7756,0.409,0.3611,0.1615,0.33,0.6222
2023-08-03,0.9383,0.4238,0.8025,0.8009,0.4448,0.5167,0.3095,0.3075,0.4889
2023-08-04,0.99,0.4198,0.8117,0.6769,0.3338,0.7889,0.3077,0.2538,0.3556
2023-08-05,0.5867,0.35,0.735,0.6059,0.3771,0.7556,0.2039,0.2281,0.4
2023-08-06,0.6159555555555556,0.35641111111111107,0.7497222222222222,0.6051777777777778,0.3708666666666667,0.6914,0.2015222222222222,0.2422,0.4290111111111111
2023-08-07,0.6452111111111111,0.3628222222222222,0.7644444444444445,0.6044555555555555,0.3646333333333333,0.6272,0.19914444444444443,0.2563,0.4580222222222222
2023-08-08,0.6744666666666667,0.3692333333333333,0.7791666666666667,0.6037333333333333,0.3584,0.5630000000000001,0.19676666666666667,0.2704,0.4870333333333334
2023-08-09,,,,,,,,,
2023-08-10,,,,,,,,,
2023-08-11,,,,,,,,,
2023-08-12,,,,,,,,,
2023-08-13,,,,,,,,,
2023-08-14,0.85,0.4077,0.8675,0.5994,0.321,0.1778,0.1825,0.355,0.6611
2023-08-15,0.6867,0.3835,0.8317,0.7822,0.3896,0.3222,0.178,0.4775,0.5278
2023-08-16,0.9217,0.4087,0.8275,0.6822,0.4483,0.2944,0.1689,0.4725,0.4389
2023-08-17,0.6367,0.3855,0.7492,0.8728,0.436,0.3778,0.2634,0.3481,0.4
2023-08-18,0.5767,0.3762,0.755,0.8159,0.4081,0.3056,0.1875,0.2431,0.3556
2023-08-19,0.69,0.3342,0.7517,0.7287,0.4581,0.2556,0.1648,0.21,0.4389
2023-08-20,0.75,0.33909999999999996,0.7921,0.88625,0.51455,0.3056,0.1674,0.20934999999999998,0.6389
2023-08-21,0.81,0.344,0.8325,1.0438,0.571,0.3556,0.17,0.2087,0.8389
2023-08-22,0.6333,0.3595,0.7633,1.1634,0.5554,0.1833,0.1741,0.4369,0.4389
2023-08-23,0.5717,0.3538,0.7717,1.0825,0.6033,0.1556,0.178,0.3744,0.6111
2023-08-24,0.5733,0.2865,0.7375,0.7538,0.6165,0.1556,0.3007,0.325,0.5667
2023-08-25,0.9783,0.3155,0.8233,0.5922,0.3352,0.1778,0.247,0.2225,0.4833
2023-08-26,0.9317,0.2688,0.8142,0.7059,0.3423,0.3056,0.1911,0.2375,0.5333
2023-08-27,0.9974999999999999,0.2838,0.85045,0.8431,0.4024,0.4056,0.18409999999999999,0.5806499999999999,0.7194499999999999
2023-08-28,1.0633,0.2988,0.8867,0.9803,0.4625,0.5056,0.1771,0.9238,0.9056
2023-08-29,0.3567,0.3057,0.8233,0.9,0.4648,0.2389,0.169,0.3838,0.45
2023-08-30,0.5233,0.3242,0.7142,0.7144,0.3898,0.2111,0.1754,0.2306,1.1833
2023-08-31,0.5183,0.3172,0.6633,0.8691,0.4738,0.3111,0.1739,0.2012,1.6278
2023-09-01,0.4,0.3095,0.7283,0.7425,0.3681,0.3722,0.1582,0.1925,1.2389
2023-09-02,0.5067,0.2865,0.6742,0.6797,0.3369,0.3389,0.1682,0.1506,0.8556
2023-09-03,0.5198444444444444,0.28833333333333333,0.6674333333333333,0.6635555555555556,0.3311111111111111,0.33766666666666667,0.17788888888888887,0.15901111111111113,0.8426333333333333
2023-09-04,0.532988888888889,0.29016666666666663,0.6606666666666666,0.647411111111111,0.3253222222222222,0.3364333333333333,0.1875777777777778,0.16742222222222222,0.8296666666666667
2023-09-05,0.5461333333333334,0.292,0.6539,0.6312666666666666,0.31953333333333334,0.3352,0.19726666666666667,0.17583333333333334,0.8167
2023-09-06,,,,,,,,,
2023-09-07,,,,,,,,,
2023-09-08,,,,,,,,,
2023-09-09,,,,,,,,,
2023-09-10,,,,,,,,,
2023-09-11,0.625,0.303,0.6133,0.5344,0.2848,0.3278,0.2554,0.2263,0.7389
2023-09-12,0.6317,0.2515,0.6833,0.9616,0.4738,0.4778,0.2449,0.22,0.6167
2023-09-13,0.7483,0.2168,0.5692,1.1134,0.6133,0.3722,0.1954,0.2425,0.7
2023-09-14,0.6283,0.2537,0.6183,0.8853,0.491,0.3056,0.1772,0.2419,0.5278
2023-09-15,0.565,0.2907,0.6217,0.5981,0.3371,0.3167,0.162,0.1781,0.6389
2023-09-16,0.5667,0.2652,0.5925,0.3925,0.2519,0.3944,0.184,0.2319,0.5556
2023-09-17,0.5626375,0.26346875,0.59208125,0.4203875,0.2603875,0.3944,0.18299375,0.228775,0.54969375
2023-09-18,0.558575,0.2617375,0.5916625,0.44827500000000003,0.26887500000000003,0.3944,0.1819875,0.22565,0.5437875
2023-09-19,0.5545125,0.26000625,0.5912437500000001,0.4761625,0.2773625,0.3944,0.18098124999999998,0.222525,0.53788125
2023-09-20,,,,,,,,,
2023-09-21,,,,,,,,,
2023-09-22,,,,,,,,,
2023-09-23,,,,,,,,,
2023-09-24,,,,,,,,,
2023-09-25,,,,,,,,,
2023-09-26,,,,,,,,,
2023-09-27,,,,,,,,,
2023-09-28,,,,,,,,,
2023-09-29,,,,,,,,,
2023-09-30,,,,,,,,,
2023-10-01,,,,,,,,,
2023-10-02,0.5017,0.2375,0.5858,0.8387,0.3877,0.3944,0.1679,0.1819,0.4611
2023-10-03,0.945,0.2432,0.545,1.2312,0.6285,0.3778,0.1979,0.2019,0.4278
2023-10-04,0.9,0.2285,0.585,1.5891,0.8688,0.3667,0.3251,0.1556,0.6444
2023-10-05,0.665,0.2822,0.5425,1.1028,0.6977,0.4167,0.2252,0.1612,0.6333
2023-10-06,0.335,0.2698,0.5783,1.1581,0.5504,1.0889,0.219,0.1675,0.5889
2023-10-07,0.8417,0.248,0.6042,1.0653,0.5708,0.5,0.2524,0.1281,0.3833
2023-10-08,0.90835,0.2669,0.5992,1.0663999999999998,0.586,0.49165000000000003,0.22960000000000003,0.14250000000000002,0.43884999999999996
2023-10-09,0.975,0.2858,0.5942,1.0675,0.6012,0.4833,0.2068,0.1569,0.4944
2023-10-10,1.02,0.2802,0.6467,1.0122,0.5158,0.3111,0.1621,0.2719,0.5667
2023-10-11,0.7033,0.2718,0.66,0.7866,0.4617,0.4056,0.1529,0.2744,0.5389
2023-10-12,0.8383,0.27,0.6433,0.9103,0.5085,0.3833,0.172,0.2013,0.5056
2023-10-13,0.89,0.2862,0.6517,0.6853,0.3565,0.3722,0.1546,0.215,0.5056
2023-10-14,0.675,0.2438,0.6458,0.5775,0.4215,0.4111,0.1739,0.1494,0.6
2023-10-15,0.66801875,0.24793749999999998,0.64590625,0.5791000000000001,0.44083125,0.4111,0.18001875,0.1791625,0.5944437499999999
2023-10-16,0.6610375000000001,0.252075,0.6460125,0.5807,0.4601625,0.4111,0.1861375,0.20892500000000003,0.5888875
2023-10-17,0.65405625,0.2562125,0.6461187500000001,0.5823,0.47949375,0.4111,0.19225625,0.23868750000000002,0.58333125
2023-10-18,,,,,,,,,
2023-10-19,,,,,,,,,
2023-10-20,,,,,,,,,
2023-10-21,,,,,,,,,
2023-10-22,,,,,,,,,
2023-10-23,,,,,,,,,
2023-10-24,,,,,,,,,
2023-10-25,,,,,,,,,
2023-10-26,,,,,,,,,
2023-10-27,,,,,,,,,
2023-10-28,,,,,,,,,
2023-10-29,,,,,,,,,
2023-10-30,0.5633,0.31,0.6475,0.6031,0.7308,0.4111,0.2718,0.6256,0.5111
2023-10-31,0.5083,0.3635,0.6208,0.8653,0.6288,0.3667,0.3234,0.3456,0.4667
2023-11-01,0.4983,0.3907,0.5833,0.6453,0.6138,0.4833,0.2617,0.2688,0.4611
2023-11-02,0.6033,0.3035,0.6092,0.7016,0.4894,0.3167,0.299,0.2056,0.3722
2023-11-03,0.45,0.3025,0.5908,0.8244,0.4775,0.3778,0.322,0.2319,0.4333
2023-11-04,0.34,0.3605,0.5317,0.7869,0.4479,0.2444,0.2755,0.1775,0.4667
2023-11-05,0.36835,0.3211,0.53375,0.77735,0.4274,0.25555,0.26595,0.20779999999999998,0.5305500000000001
2023-11-06,0.3967,0.2817,0.5358,0.7678,0.4069,0.2667,0.2564,0.2381,0.5944
2023-11-07,0.6167,0.281,0.5792,0.675,0.3806,0.3667,0.3591,0.2775,0.3833
2023-11-08,0.765,0.3138,0.5842,0.7775,0.3848,0.4056,0.3524,0.1588,0.3389
2023-11-09,0.5517,0.301,0.5225,0.6356,0.3506,0.3944,0.2707,0.1194,0.6222
2023-11-10,0.2717,0.2533,0.5908,0.6163,0.3048,0.3111,0.2215,0.1319,0.3667
2023-11-11,0.49,0.253,0.595,0.7431,0.4179,0.2667,0.226,0.1838,0.4111
2023-11-12,0.49085,0.2665,0.58375,0.8612500000000001,0.4807,0.28335,0.2215,0.1938,0.45275
2023-11-13,0.4917,0.28,0.5725,0.9794,0.5435,0.3,0.217,0.2038,0.4944
2023-11-14,0.2733,0.2302,0.6058,0.8156,0.4325,0.3333,0.2266,0.5212,0.5444
2023-11-15,0.285635,0.23515499999999998,0.60326,0.815945,0.437355,0.33247,0.225825,0.503295,0.535515
2023-11-16,0.29797,0.24011,0.60072,0.81629,0.44221,0.33164,0.22505,0.48539,0.52663
2023-11-17,0.310305,0.24506499999999998,0.59818,0.816635,0.447065,0.33081,0.224275,0.467485,0.517745
2023-11-18,,,,,,,,,
2023-11-19,,,,,,,,,
2023-11-20,,,,,,,,,
2023-11-21,,,,,,,,,
2023-11-22,,,,,,,,,
2023-11-23,,,,,,,,,
2023-11-24,,,,,,,,,
2023-11-25,,,,,,,,,
2023-11-26,,,,,,,,,
2023-11-27,,,,,,,,,
2023-11-28,,,,,,,,,
2023-11-29,,,,,,,,,
2023-11-30,,,,,,,,,
2023-12-01,,,,,,,,,
2023-12-02,,,,,,,,,
2023-12-03,,,,,,,,,
2023-12-04,0.52,0.3293,0.555,0.8225,0.5296,0.3167,0.2111,0.1631,0.3667
2023-12-05,0.4233,0.2775,0.525,0.6634,0.369,0.35,0.1912,0.1238,0.3222
2023-12-06,0.4267,0.275,0.5575,0.5116,0.3715,0.3056,0.1661,0.1306,0.3667
2023-12-07,0.3667,0.2318,0.57,0.6119,0.3296,0.4444,0.1525,0.1306,0.4944
2023-12-08,0.3667,0.2392,0.61,0.7212,0.3365,0.4889,0.1262,0.1438,0.5722
2023-12-09,0.3667,0.2352,0.6008,0.5103,0.3027,0.3222,0.131,0.0975,0.4056
2023-12-10,0.39670000000000005,0.24435,0.5804,0.6431,0.36915,0.31945,0.12705,0.18064999999999998,0.38615
2023-12-11,0.4267,0.2535,0.56,0.7759,0.4356,0.3167,0.1231,0.2638,0.3667
2023-12-12,0.2667,0.193,0.4533,0.7253,0.3894,0.2944,0.2552,0.1519,0.4111
2023-12-13,0.3783,0.212,0.5258,0.69,0.4148,0.3111,0.3984,0.1306,0.45
2023-12-14,0.3793923076923077,0.21201923076923077,0.5244884615384616,0.6843499999999999,0.4106423076923077,0.31751153846153846,0.3893807692307692,0.13511923076923077,0.44188076923076924
2023-12-15,0.3804846153846154,0.21203846153846154,0.5231769230769231,0.6787,0.4064846153846154,0.3239230769230769,0.3803615384615384,0.13963846153846154,0.4337615384615385
2023-12-16,0.3815769230769231,0.2120576923076923,0.5218653846153847,0.6730499999999999,0.4023269230769231,0.3303346153846154,0.3713423076923077,0.1441576923076923,0.4256423076923077
2023-12-17,,,,,,,,,
2023-12-18,,,,,,,,,
2023-12-19,,,,,,,,,
2023-12-20,,,,,,,,,
2023-12-21,,,,,,,,,
2023-12-22,,,,,,,,,
2023-12-23,,,,,,,,,
2023-12-24,,,,,,,,,
2023-12-25,,,,,,,,,
2023-12-26,,,,,,,,,
2023-12-27,,,,,,,,,
2023-12-28,,,,,,,,,
2023-12-29,,,,,,,,,
2023-12-30,,,,,,,,,
2023-12-31,,,,,,,,,
2024-01-01,,,,,,,,,
2024-01-02,,,,,,,,,
2024-01-03,,,,,,,,,
2024-01-04,,,,,,,,,
2024-01-05,,,,,,,,,
2024-01-06,,,,,,,,,
2024-01-07,,,,,,,,,
2024-01-08,0.4067,0.2125,0.4917,0.5431,0.3067,0.4778,0.1639,0.2481,0.2389
2024-01-09,0.4567,0.151,0.4983,0.7678,0.3829,0.4833,0.2434,0.3494,0.3222
2024-01-10,0.4583,0.1248,0.555,0.7712,0.5162,0.3556,0.3073,0.2656,0.2778
2024-01-11,0.3167,0.13,0.5208,0.8922,0.4412,0.3111,0.1949,0.2162,0.2778
2024-01-12,0.4133,0.1572,0.5567,0.8572,0.4325,0.3722,0.1551,0.2156,0.3667
2024-01-13,0.3733,0.1427,0.5317,0.7619,0.4571,0.4111,0.1541,0.1788,0.2333
2024-01-14,0.4283,0.1575,0.5225,0.80235,0.45635000000000003,0.45275,0.1573,0.19624999999999998,0.36665000000000003
2024-01-15,0.4833,0.1723,0.5133,0.8428,0.4556,0.4944,0.1605,0.2137,0.5
2024-01-16,0.3167,0.1278,0.5292,0.7178,0.3698,0.4667,0.1464,0.1463,0.4167
2024-01-17,0.5783,0.1703,0.7475,0.7766,0.3881,0.5167,0.1498,0.1519,0.3222
2024-01-18,0.385,0.207,0.5275,0.5247,0.2896,0.4278,0.1504,0.1394,0.3667
2024-01-19,0.2667,0.1565,0.5517,0.3538,0.221,0.3,0.1635,0.1438,0.2333
2024-01-20,0.2133,0.1685,0.5483,0.4234,0.2377,0.2722,0.1632,0.1306,0.4111
2024-01-21,0.2883,0.17175,0.5304,0.4181,0.2402,0.3,0.20700000000000002,0.1431,0.3889
2024-01-22,0.3633,0.175,0.5125,0.4128,0.2427,0.3278,0.2508,0.1556,0.3667
2024-01-23,0.3167,0.1682,0.48,0.6741,0.3669,0.3667,0.2568,0.2162,0.3667
2024-01-24,0.3183,0.1587,0.4833,0.7806,0.4121,0.3611,0.1654,0.1225,0.3222
2024-01-25,0.435,0.1772,0.4375,0.7559,0.4365,0.2833,0.2011,0.1569,0.3667
2024-01-26,0.2667,0.2067,0.4908,0.6309,0.351,0.2944,0.2595,0.1806,0.45
2024-01-27,0.2667,0.2035,0.5075,0.7128,0.3965,0.1722,0.2588,0.1306,0.3667
2024-01-28,0.2983625,0.20708125,0.5147937499999999,0.71256875,0.39763125,0.1788,0.25649374999999996,0.1333375,0.36253125
2024-01-29,0.330025,0.21066249999999997,0.5220874999999999,0.7123375,0.3987625,0.18539999999999998,0.25418749999999996,0.136075,0.35836250000000003
2024-01-30,0.3616875,0.21424374999999998,0.5293812499999999,0.7121062499999999,0.39989375000000005,0.192,0.25188125,0.1388125,0.35419375000000003
2024-01-31,,,,,,,,,
2024-02-01,,,,,,,,,
2024-02-02,,,,,,,,,
2024-02-03,,,,,,,,,
2024-02-04,,,,,,,,,
2024-02-05,,,,,,,,,
2024-02-06,,,,,,,,,
2024-02-07,,,,,,,,,
2024-02-08,,,,,,,,,
2024-02-09,,,,,,,,,
2024-02-10,,,,,,,,,
2024-02-11,,,,,,,,,
2024-02-12,0.7733,0.2608,0.6242,0.7091,0.4146,0.2778,0.2219,0.1744,0.3
2024-02-13,0.33,0.2982,0.4417,0.7,0.3758,0.2944,0.2875,0.1856,0.2833
2024-02-14,0.2133,0.2605,0.4608,0.7316,0.3944,0.3111,0.2571,0.1425,0.3222
2024-02-15,0.5933,0.275,0.4733,0.7866,0.3952,0.3333,0.2249,0.1175,0.4056
2024-02-16,0.4817,0.2982,0.4417,0.6894,0.3725,0.3222,0.1763,0.1556,0.2778
2024-02-17,0.48,0.2947,0.4467,0.8678,0.3929,0.3222,0.1745,0.1681,0.3667
2024-02-18,0.48,0.2697,0.49374999999999997,0.9637500000000001,0.46135000000000004,0.2889,0.23525,0.14905000000000002,0.40280000000000005
2024-02-19,0.48,0.2447,0.5408,1.0597,0.5298,0.2556,0.296,0.13,0.4389
2024-02-20,0.27,0.2515,0.5833,0.6303,0.3273,0.3333,0.2376,0.0719,0.4056
2024-02-21,0.5967,0.255,0.6167,0.5419,0.3092,0.3389,0.2289,0.1306,0.3667
2024-02-22,0.3833,0.237,0.6408,0.7306,0.3102,0.4167,0.2134,0.1581,0.3
2024-02-23,0.55,0.2437,0.61,0.885,0.411,0.6833,0.1906,0.0931,0.3278
2024-02-24,0.33,0.3408,0.66,0.6166,0.3715,1.0944,0.2246,0.0931,0.3778
2024-02-25,0.3025,0.3393,0.62835,0.64205,0.35250000000000004,0.9583,0.24355,0.09935,0.37225
2024-02-26,0.275,0.3378,0.5967,0.6675,0.3335,0.8222,0.2625,0.1056,0.3667
2024-02-27,0.4383,0.2933,0.5225,1.3262,0.6538,0.3389,0.2021,0.0731,0.3778
2024-02-28,0.6517,0.2922,0.6417,1.4088,0.6854,0.25,0.1966,0.1175,0.3167
2024-02-29,0.4867,0.3143,0.5417,0.7469,0.4362,0.2056,0.1546,0.1306,0.2778
2024-03-01,0.5417,0.2825,0.5883,0.9178,0.4419,0.3278,0.2155,0.085,0.4056
2024-03-02,0.4883,0.2568,0.6125,0.5062,0.284,0.3167,0.1819,0.065,0.3778
2024-03-03,0.62665,0.24914999999999998,0.5725,0.5334,0.3046,0.2889,0.17980000000000002,0.07875,0.4778
2024-03-04,0.765,0.2415,0.5325,0.5606,0.3252,0.2611,0.1777,0.0925,0.5778
2024-03-05,0.4367,0.2545,0.5892,0.7575,0.4281,0.2944,0.1589,0.1256,0.5444
2024-03-06,0.5417,0.302,0.6775,0.8859,0.4754,0.2722,0.1655,0.1431,0.2778
2024-03-07,0.4817,0.3017,0.5875,0.7887,0.4458,0.2889,0.2187,0.1413,0.3611
2024-03-08,0.7517,0.395,0.6175,0.96,0.4902,0.3278,0.2825,0.1756,0.4056
2024-03-09,1.07,0.329,0.5608,0.7219,0.3942,0.3,0.2484,0.1375,0.2778
2024-03-10,0.80335,0.3451,0.5804,0.7111000000000001,0.3841,0.29164999999999996,0.2484,0.13345,0.2778
2024-03-11,0.5367,0.3612,0.6,0.7003,0.374,0.2833,0.2484,0.1294,0.2778
2024-03-12,0.2683,0.3565,0.5667,0.5716,0.336,0.2556,0.2241,0.1831,0.2333
2024-03-13,0.3783,0.3052,0.6117,0.6878,0.3592,0.2333,0.1955,0.1956,0.4111
2024-03-14,0.6983,0.288,0.6175,0.7394,0.3946,0.2111,0.1795,0.1744,0.2778
2024-03-15,0.595,0.2972,0.6492,0.7112,0.3794,0.1722,0.1629,0.1956,0.3222
2024-03-16,0.81,0.306,0.6658,0.6425,0.4554,0.2444,0.1609,0.2088,0.2778
2024-03-17,0.67415,0.3146,0.6470499999999999,0.6912499999999999,0.4776,0.28885,0.22244999999999998,0.1822,0.32225000000000004
2024-03-18,0.5383,0.3232,0.6283,0.74,0.4998,0.3333,0.284,0.1556,0.3667
2024-03-19,0.375,0.342,0.5625,0.9944,0.4846,0.2333,0.2505,0.1494,0.3222
2024-03-20,0.3733,0.3288,0.6692,1.0878,0.5121,0.1722,0.2219,0.1112,0.2778
2024-03-21,0.4317,0.3282,0.5983,0.89,0.4604,0.2222,0.193,0.1306,0.4111
2024-03-22,0.765,0.3752,0.6617,0.6466,0.4094,0.2333,0.1642,0.1581,0.4611
2024-03-23,0.5583,0.376,0.6458,0.9322,0.4565,0.3,0.1549,0.135,0.3833
2024-03-24,0.6608,0.3801,0.7129000000000001,1.00125,0.51345,0.43335,0.16875,0.15375,0.41945
2024-03-25,0.7633,0.3842,0.78,1.0703,0.5704,0.5667,0.1826,0.1725,0.4556
2024-03-26,0.7617,0.336,0.6233,1.2588,0.6279,0.4444,0.2131,0.1713,0.4056
2024-03-27,0.4417,0.324,0.5758,1.2819,0.6633,0.2056,0.1773,0.0931,0.3833
2024-03-28,0.4483,0.3908,0.5942,0.5409,0.3385,0.1667,0.1659,0.0944,0.2611
2024-03-29,0.665,0.3872,0.6075,0.7347,0.364,0.2611,0.186,0.1212,0.4278
2024-03-30,1.8,0.3635,0.6308,0.6478,0.479,0.2,0.1794,0.1081,0.4222
2024-03-31,1.6433499999999999,0.3509,0.6229,0.6928000000000001,0.44535,0.3139,0.17675000000000002,0.11935,0.42775
2024-04-01,1.4867,0.3383,0.615,0.7378,0.4117,0.4278,0.1741,0.1306,0.4333
2024-04-02,0.7917,0.3155,0.5725,1.0484,0.55,0.2722,0.1796,0.2044,0.3056
2024-04-03,0.5067,0.3335,0.5683,1.0541,0.574,0.2667,0.2079,0.1494,0.3056
2024-04-04,0.5533,0.3175,0.5367,0.6281,0.3419,0.1722,0.2081,0.1006,0.3444
2024-04-05,0.5533,0.3328,0.56,0.6716,0.3815,0.2667,0.2511,0.1675,0.3333
2024-04-06,0.6133,0.3025,0.5725,0.6034,0.3808,0.45,0.2144,0.1806,0.3444
2024-04-07,0.8083,0.31,0.63125,0.7295,0.4349,0.4889,0.21525,0.2059,0.35555000000000003
2024-04-08,1.0033,0.3175,0.69,0.8556,0.489,0.5278,0.2161,0.2312,0.3667
2024-04-09,0.9067,0.3318,0.6367,1.0028,0.4338,0.2889,0.1842,0.3662,0.3222
2024-04-10,1.13,0.3265,0.6875,1.0803,0.556,0.2667,0.1838,0.2581,0.4333
2024-04-11,0.61,0.3462,0.6158,1.1744,0.5023,0.1722,0.2975,0.2681,0.4222
2024-04-12,0.8317,0.3495,0.6017,0.9066,0.4379,0.2833,0.2654,0.2406,0.3333
2024-04-13,0.6117,0.3787,0.6633,0.7262,0.3808,0.2167,0.2573,0.2081,0.3389
2024-04-14,0.6416999999999999,0.35795,0.64625,0.7296499999999999,0.4333,0.2778,0.24939999999999998,0.24655,0.38334999999999997
2024-04-15,0.6717,0.3372,0.6292,0.7331,0.4858,0.3389,0.2415,0.285,0.4278
2024-04-16,0.5617,0.265,0.5658,1.0197,0.5194,0.4111,0.2015,0.3937,0.55
2024-04-17,0.4467,0.3235,0.4833,0.7981,0.4798,0.4167,0.1774,0.2756,0.6778
2024-04-18,0.4983,0.321,0.4233,0.8353,0.4902,0.3,0.2435,0.2544,0.6278
2024-04-19,0.7733,0.2602,0.4108,0.8075,0.4054,0.5611,0.2399,0.22,0.3278
2024-04-20,0.2217,0.2823,0.4233,0.8772,0.4817,0.3444,0.2124,0.1875,0.3
2024-04-21,0.27585000000000004,0.2885,0.4475,0.9283,0.49785,0.3222,0.21789999999999998,0.18314999999999998,0.4
2024-04-22,0.33,0.2947,0.4717,0.9794,0.514,0.3,0.2234,0.1788,0.5
2024-04-23,0.3317,0.3075,0.4908,0.9256,0.4738,0.3333,0.1618,0.1194,0.5056
2024-04-24,0.505,0.3205,0.4708,0.9956,0.5017,0.4111,0.1733,0.135,0.8889
2024-04-25,0.2817,0.3545,0.56,0.7972,0.5083,0.2389,0.4318,0.1969,0.8056
2024-04-26,0.335,0.311,0.5483,0.8781,0.4367,0.3556,0.3346,0.1544,0.3444
2024-04-27,0.2783,0.3265,0.5542,0.8281,0.4498,0.3,0.2546,0.2013,0.3889
2024-04-28,0.4183,0.32975,0.605,0.8439,0.4855,0.29445,0.22954999999999998,0.23125,0.38335
2024-04-29,0.5583,0.333,0.6558,0.8597,0.5212,0.2889,0.2045,0.2612,0.3778
2024-04-30,0.885,0.3452,0.6833,1.235,0.6081,0.5944,0.2245,0.2475,0.2556
2024-05-01,0.675,0.3258,0.6283,1.2337,0.5981,0.5611,0.1962,0.2294,0.35
2024-05-02,0.565,0.34,0.6575,1.2453,0.7971,0.5389,0.2028,0.225,0.3889
2024-05-03,0.9683,0.323,0.7425,1.1747,0.6156,0.3278,0.1927,0.1856,0.3444
2024-05-04,0.6333,0.373,0.6533,1.1012,0.5529,0.3389,0.1862,0.1725,0.4
2024-05-05,0.5700000000000001,0.3715,0.62625,1.0562,0.54155,0.5249999999999999,0.22255000000000003,0.2097,0.3722
2024-05-06,0.5067,0.37,0.5992,1.0112,0.5302,0.7111,0.2589,0.2469,0.3444
2024-05-07,0.565,0.3238,0.6492,1.1228,0.5758,0.5722,0.337,0.2725,0.6833
2024-05-08,0.4967,0.3357,0.6167,0.7588,0.4083,0.5222,0.2704,0.1856,0.4222
2024-05-09,0.5517,0.2925,0.5858,0.8103,0.3727,0.2222,0.2001,0.1862,0.3778
2024-05-10,0.5567,0.2592,0.6342,0.5678,0.3092,0.2889,0.3529,0.135,0.3444
2024-05-11,0.4483,0.232,0.655,0.9534,0.4594,0.1944,0.2076,0.135,0.4667
2024-05-12,0.5575,0.2631,0.675,1.1059,0.59285,0.20555,0.19215,0.13405,0.4667
2024-05-13,0.6667,0.2942,0.695,1.2584,0.7263,0.2167,0.1767,0.1331,0.4667
2024-05-14,0.3283,0.3468,0.6758,1.0922,0.5667,0.2611,0.1528,0.1056,0.3389
2024-05-15,0.3317,0.2848,0.6717,0.8444,0.5056,0.1333,0.1362,0.0869,0.3833
2024-05-16,0.3883,0.2405,0.665,0.6809,0.3715,0.3333,0.1824,0.1331,0.3778
2024-05-17,0.555,0.2832,0.6342,0.5,0.2865,0.4722,0.1301,0.1081,0.3389
2024-05-18,0.5017,0.3317,0.6875,0.6491,0.3517,0.2333,0.1392,0.1081,0.3833
2024-05-19,0.50628125,0.33053125,0.689425,0.68536875,0.36599375,0.2444125,0.14075625,0.121225,0.38399374999999997
2024-05-20,0.5108625,0.3293625,0.69135,0.7216375,0.3802875,0.255525,0.14231249999999998,0.13435,0.38468749999999996
2024-05-21,0.51544375,0.32819375,0.693275,0.75790625,0.39458125,0.2666375,0.14386875,0.147475,0.38538124999999995
2024-05-22,,,,,,,,,
2024-05-23,,,,,,,,,
2024-05-24,,,,,,,,,
2024-05-25,,,,,,,,,
2024-05-26,,,,,,,,,
2024-05-27,,,,,,,,,
2024-05-28,,,,,,,,,
2024-05-29,,,,,,,,,
2024-05-30,,,,,,,,,
2024-05-31,,,,,,,,,
2024-06-01,,,,,,,,,
2024-06-02,,,,,,,,,
2024-06-03,0.575,0.313,0.7183,1.2294,0.5804,0.4111,0.1641,0.3181,0.3944
2024-06-04,0.4,0.3695,0.8008,1.0222,0.5225,0.5222,0.1615,0.2425,0.5667
2024-06-05,0.5733,0.2902,0.765,0.5869,0.3483,0.3333,0.1657,0.2762,0.7889
2024-06-06,0.4583,0.3032,0.7825,0.6906,0.3965,0.3278,0.1408,0.2006,0.5667
2024-06-07,0.575,0.3373,0.7958,0.7659,0.3933,0.3722,0.1319,0.2638,0.3556
2024-06-08,0.63,0.3843,0.775,0.6625,0.4171,0.4333,0.1332,0.2625,0.4333
2024-06-09,0.575,0.37239999999999995,0.845,0.9478,0.4323,0.46945000000000003,0.1504,0.41154999999999997,0.43885
2024-06-10,0.52,0.3605,0.915,1.2331,0.4475,0.5056,0.1676,0.5606,0.4444
2024-06-11,0.635,0.4055,0.8467,1.0719,0.5446,0.6222,0.1627,0.5656,0.4
2024-06-12,0.3983,0.384,0.7508,1.3462,0.659,0.5278,0.1514,0.2681,0.35
2024-06-13,0.57,0.3335,0.8242,1.0269,0.5131,0.3556,0.1556,0.3444,0.4833
2024-06-14,0.34,0.2712,0.6725,0.5678,0.3104,0.3556,0.1599,0.2806,0.35
2024-06-15,0.4,0.2895,0.7192,0.5384,0.3085,0.4556,0.1492,0.2819,0.3556
2024-06-16,0.37335,0.29074999999999995,0.7767,0.5828,0.32999999999999996,0.4528,0.15565,0.3497,0.57225
2024-06-17,0.3467,0.292,0.8342,0.6272,0.3515,0.45,0.1621,0.4175,0.7889
2024-06-18,0.915,0.2835,0.8433,0.7928,0.4158,0.45,0.169,0.3487,0.5667
2024-06-19,0.9917,0.3235,0.8292,0.7072,0.4667,0.5111,0.1776,0.4144,0.8833
2024-06-20,0.4567,0.2855,0.79,0.7197,0.4017,0.4,0.1954,0.3856,0.6389
2024-06-21,0.685,0.27,0.8525,0.7381,0.3808,0.3278,0.1979,0.3994,0.6111
2024-06-22,0.4033,0.31,0.81,1.0212,0.5225,0.3278,0.183,0.4037,0.5722
2024-06-23,0.3725,0.34475,0.8066500000000001,0.9651500000000001,0.49595,0.39444999999999997,0.17980000000000002,0.38375000000000004,0.50555
2024-06-24,0.3417,0.3795,0.8033,0.9091,0.4694,0.4611,0.1766,0.3638,0.4389
2024-06-25,0.5717,0.3603,0.8442,0.9056,0.57,0.3333,0.1909,0.2406,0.7444
2024-06-26,0.2867,0.3045,0.7917,0.9156,0.4367,0.4278,0.1478,0.1119,0.6111
2024-06-27,0.5233,0.3687,0.855,0.6809,0.4206,0.55,0.1561,0.3012,0.5722
2024-06-28,0.4033,0.4132,0.9042,0.8966,0.4796,0.6778,0.1799,0.3006,0.7444
2024-06-29,0.4067,0.391,0.8625,0.9694,0.4527,0.4333,0.1795,0.28,0.5778
2024-06-30,0.4075,0.3785,0.8879,0.9359500000000001,0.48125,0.58055,0.1583,0.20375000000000001,0.6
2024-07-01,0.4083,0.366,0.9133,0.9025,0.5098,0.7278,0.1371,0.1275,0.6222
2024-07-02,0.2333,0.2438,0.8325,0.8481,0.3677,0.3889,0.1397,0.0975,0.4
2024-07-03,0.2267,0.2442,0.6533,0.7694,0.4448,0.4778,0.2776,0.0756,0.3556
2024-07-04,0.34,0.2852,0.6617,0.9934,0.5021,0.4889,0.1421,0.1444,0.4444
2024-07-05,0.4583,0.2995,0.7525,1.2134,0.6154,0.7722,0.2799,0.1325,0.4444
2024-07-06,0.345,0.301,0.7975,1.1066,0.5525,0.7389,0.1834,0.1325,0.4
2024-07-07,0.40415,0.32789999999999997,0.8346,1.13095,0.558,0.81945,0.16975,0.1644,0.5278
2024-07-08,0.4633,0.3548,0.8717,1.1553,0.5635,0.9,0.1561,0.1963,0.6556
2024-07-09,0.345,0.304,0.9458,1.2653,0.6138,0.4056,0.1491,0.1256,0.5333
2024-07-10,0.29,0.3682,0.9692,1.0922,0.5538,0.4222,0.2378,0.14,0.6222
2024-07-11,0.5833,0.4118,0.9808,1.2309,0.5769,0.8056,0.2566,0.1544,0.7556
2024-07-12,0.4117,0.461,0.9833,1.845,0.8,1.0556,0.295,0.1906,0.6667
2024-07-13,0.355,0.4075,0.9892,1.5559,0.7188,0.7278,0.2931,0.1862,0.7667
2024-07-14,0.35414999999999996,0.43875,0.9883500000000001,1.3917000000000002,0.6642,0.7639,0.25930000000000003,0.17465,0.83055
2024-07-15,0.3533,0.47,0.9875,1.2275,0.6096,0.8,0.2255,0.1631,0.8944
2024-07-16,0.47,0.3835,1.0392,1.1319,0.509,0.4056,0.1788,0.1762,0.7111
2024-07-17,0.4083,0.364,1.0525,0.8375,0.4658,0.45,0.155,0.155,0.4444
2024-07-18,0.2917,0.3075,0.9192,0.675,0.3623,0.3667,0.1264,0.1125,0.4
2024-07-19,0.3433,0.347,0.9283,0.8681,0.4375,0.3889,0.1781,0.16,0.4889
2024-07-20,0.345,0.366,0.8808,0.7841,0.344,0.3667,0.1658,0.1406,0.4444
2024-07-21,0.49085,0.33475,0.91415,0.73785,0.36729999999999996,0.35835,0.1413,0.1403,0.5111
2024-07-22,0.6367,0.3035,0.9475,0.6916,0.3906,0.35,0.1168,0.14,0.5778
2024-07-23,0.635,0.3193,0.9233,0.6656,0.4367,0.2944,0.1049,0.1606,0.7944
2024-07-24,0.4617,0.2858,0.9008,0.655,0.3894,0.3056,0.1442,0.1188,0.7556
2024-07-25,0.3467,0.1672,0.8208,0.5453,0.446,0.3056,0.1045,0.07,0.5722
2024-07-26,0.405,0.2217,0.7858,0.645,0.5287,0.2444,0.1208,0.09,0.4889
2024-07-27,0.3467,0.2608,0.7683,0.8,0.4308,0.4333,0.1282,0.1331,0.4444
2024-07-28,0.36096875,0.2648125,0.77345625,0.78963125,0.42714375000000004,0.43052500000000005,0.12886875,0.15911875,0.47947500000000004
2024-07-29,0.3752375,0.268825,0.7786124999999999,0.7792625000000001,0.4234875,0.42775,0.1295375,0.1851375,0.5145500000000001
2024-07-30,0.38950625,0.27283749999999996,0.78376875,0.76889375,0.41983125,0.424975,0.13020625,0.21115625,0.549625
2024-07-31,,,,,,,,,
2024-08-01,,,,,,,,,
2024-08-02,,,,,,,,,
2024-08-03,,,,,,,,,
2024-08-04,,,,,,,,,
2024-08-05,,,,,,,,,
2024-08-06,,,,,,,,,
2024-08-07,,,,,,,,,
2024-08-08,,,,,,,,,
2024-08-09,,,,,,,,,
2024-08-10,,,,,,,,,
2024-08-11,,,,,,,,,
2024-08-12,0.575,0.325,0.8508,0.6341,0.3723,0.3889,0.1389,0.5494,1.0056
2024-08-13,0.9233,0.3447,0.885,1.3044,0.6302,0.3722,0.2085,0.3875,0.75
2024-08-14,0.5167,0.3038,0.8442,0.9553,0.494,0.2944,0.1872,0.3956,0.4833
2024-08-15,0.5183,0.2553,0.875,0.8409,0.4765,0.4556,0.1602,0.385,0.8778
2024-08-16,0.58,0.311,0.8442,1.0503,0.5208,0.3556,0.1611,0.3006,0.6167
2024-08-17,0.585,0.3535,0.885,0.8941,0.4502,0.3333,0.1678,0.3556,0.4444
2024-08-18,0.5275,0.35135,0.89665,0.98535,0.48040000000000005,0.3,0.1739,0.36905,0.4444
2024-08-19,0.47,0.3492,0.9083,1.0766,0.5106,0.2667,0.18,0.3825,0.4444
2024-08-20,0.35,0.3487,1.0167,0.8041,0.3813,0.2611,0.2249,0.4,0.3556
2024-08-21,0.8767,0.3425,1.1058,0.7081,0.4362,0.2222,0.2455,0.3175,0.4889
2024-08-22,0.5733,0.3045,0.8617,0.5759,0.3183,0.2722,0.3644,0.3269,0.5278
2024-08-23,0.505,0.4002,0.9042,0.9837,0.4623,0.2222,0.5759,0.3019,0.3944
2024-08-24,0.915,0.3838,0.905,1.1,0.5631,0.2333,0.3304,0.3994,0.5278
2024-08-25,0.7839,0.3818,0.9239,1.0654000000000001,0.5559000000000001,0.2592333333333333,0.32280000000000003,0.3948,0.4407666666666667
2024-08-26,0.6528,0.3798,0.9428,1.0308,0.5487,0.2851666666666667,0.3152,0.3902,0.35373333333333334
2024-08-27,0.5217,0.3778,0.9617,0.9962,0.5415,0.3111,0.3076,0.3856,0.2667
2024-08-28,0.4617,0.437,0.9575,0.9059,0.4729,0.3222,0.3156,0.3362,0.3944
2024-08-29,0.5183,0.4025,0.9392,0.6356,0.4515,0.2111,0.3092,0.3288,0.75
2024-08-30,0.58,0.4437,0.9492,0.5962,0.3744,0.1667,0.2999,0.3487,0.7944
2024-08-31,1.09,0.4582,0.9175,0.9688,0.426,0.2833,0.3095,0.3262,0.3944
2024-09-01,0.8608500000000001,0.4492,0.9371,0.883,0.4504,0.35275,0.3368,0.36155,0.5693999999999999
2024-09-02,0.6317,0.4402,0.9567,0.7972,0.4748,0.4222,0.3641,0.3969,0.7444
2024-09-03,1.09,0.468,1.075,1.0031,0.5252,0.4889,0.3979,0.5181,0.3444
2024-09-04,0.855,0.4557,1.05,0.6375,0.4085,0.5222,0.3889,0.51,0.5222
2024-09-05,0.9167,0.4682,0.9183,0.6169,0.4085,0.25,0.3404,0.5038,0.6167
2024-09-06,0.8517,0.476,0.8867,0.7684,0.355,0.2833,0.2682,0.3787,0.4833
2024-09-07,0.6217,0.4342,0.8583,0.4928,0.2527,0.2444,0.3936,0.3006,0.4333
2024-09-08,0.6035444444444444,0.43439999999999995,0.8313555555555555,0.5719000000000001,0.2787,0.2641555555555556,0.3836555555555556,0.2917111111111111,0.458
2024-09-09,0.585388888888889,0.4346,0.8044111111111111,0.651,0.30469999999999997,0.2839111111111111,0.3737111111111111,0.2828222222222222,0.4827
2024-09-10,0.5672333333333334,0.43479999999999996,0.7774666666666666,0.7301,0.3307,0.3036666666666667,0.3637666666666667,0.2739333333333333,0.5074
2024-09-11,,,,,,,,,
2024-09-12,,,,,,,,,
2024-09-13,,,,,,,,,
2024-09-14,,,,,,,,,
2024-09-15,,,,,,,,,
2024-09-16,0.4583,0.436,0.6158,1.2047,0.4867,0.4222,0.3041,0.2206,0.6556
2024-09-17,0.8433,0.4285,0.7383,1.1669,0.566,0.3056,0.2584,0.2106,0.4722
2024-09-18,0.615,0.4092,0.8392,0.7378,0.3935,0.2778,0.3848,0.2362,0.3833
2024-09-19,0.39,0.4438,0.6567,0.6466,0.3433,0.5722,0.3938,0.2694,0.5056
2024-09-20,1.1083,0.3755,0.7808,0.8969,0.4338,0.5556,0.2995,0.2069,0.5
2024-09-21,1.2233,0.3742,0.6933,0.7169,0.3781,0.25,0.295,0.2144,0.3
2024-09-22,1.06,0.36395,0.79,0.8679999999999999,0.5773999999999999,0.4,0.3005,0.36749999999999994,0.3639
2024-09-23,0.8967,0.3537,0.8867,1.0191,0.7767,0.55,0.306,0.5206,0.4278
2024-09-24,0.6817,0.3722,0.6917,1.6262,0.8004,0.5056,0.4309,0.3069,0.6389
2024-09-25,0.7417,0.433,0.6892,0.915,0.4425,0.5778,0.5028,0.3356,0.6889
2024-09-26,0.5733,0.4418,0.6883,0.6944,0.4642,0.3944,0.5651,0.2131,0.3111
2024-09-27,0.515,0.4155,0.7417,0.8225,0.4288,0.3833,0.3915,0.2975,0.3944
2024-09-28,0.5733,0.425,0.8083,0.5334,0.3792,0.2556,0.282,0.1944,0.4833
2024-09-29,0.5900000000000001,0.39965,0.69,0.55795,0.3297,0.22225,0.28469999999999995,0.2303,0.46945000000000003
2024-09-30,0.6067,0.3743,0.5717,0.5825,0.2802,0.1889,0.2874,0.2662,0.4556
2024-10-01,0.44,0.351,0.5108,0.9822,0.5021,0.3222,0.1529,0.2788,0.3667
2024-10-02,0.6067,0.38,0.5083,1.0825,0.595,0.2889,0.1936,0.1931,0.5111
2024-10-03,0.67,0.3692,0.65,0.9422,0.594,0.3944,0.3385,0.2631,0.5944
2024-10-04,0.5083,0.3965,0.6733,1.2697,0.6183,0.6333,0.7182,0.2719,0.3833
2024-10-05,0.3967,0.415,0.525,0.6791,0.4446,0.45,0.3948,0.185,0.4333
2024-10-06,0.3917,0.39025,0.50375,0.7401500000000001,0.4254,0.575,0.4184,0.24345,0.5361
2024-10-07,0.3867,0.3655,0.4825,0.8012,0.4062,0.7,0.442,0.3019,0.6389
2024-10-08,0.4967,0.405,0.7192,1.1906,0.5823,0.5,0.4348,0.2675,0.2944
2024-10-09,0.395,0.4112,0.5617,0.7844,0.74,0.5833,0.4372,0.2919,0.5111
2024-10-10,0.7317,0.4202,0.575,0.8331,0.7125,0.7278,0.4486,0.3262,0.4667
2024-10-11,0.51,0.364,0.5208,0.7441,0.4115,0.75,0.6466,0.2594,0.3444
2024-10-12,0.4967,0.416,0.6417,0.6569,0.4344,0.4611,0.4268,0.3406,0.4167
2024-10-13,0.5517,0.387,0.5775,0.83845,0.4023,0.4722,0.4225,0.29595000000000005,0.39170000000000005
2024-10-14,0.6067,0.358,0.5133,1.02,0.3702,0.4833,0.4182,0.2513,0.3667
2024-10-15,0.4867,0.338,0.4992,1.3525,0.685,0.3167,0.4629,0.3081,0.45
2024-10-16,0.7067,0.3842,0.6192,0.8631,0.4625,0.2667,0.3484,0.2288,0.4889
2024-10-17,0.4817,0.3983,0.6025,0.7269,0.4154,0.1222,0.2599,0.2062,0.3667
2024-10-18,0.3167,0.3518,0.7067,0.9756,0.5131,0.3167,0.2622,0.1937,0.3611
2024-10-19,0.635,0.3452,0.6233,0.9787,0.5083,0.2556,0.22,0.2206,0.3222
2024-10-20,0.6091500000000001,0.3476,0.66625,0.9960500000000001,0.67405,0.34725,0.19855,0.21339999999999998,0.3861
2024-10-21,0.5833,0.35,0.7092,1.0134,0.8398,0.4389,0.1771,0.2062,0.45
2024-10-22,0.43,0.3545,0.745,1.0656,0.5463,0.2056,0.2541,0.1362,0.4833
2024-10-23,0.4833,0.3747,0.7233,0.7584,0.5031,0.4,0.3426,0.4169,0.4944
2024-10-24,0.5283,0.3935,0.7067,1.1112,0.6621,0.3167,0.4161,0.5394,0.6111
2024-10-25,0.48,0.374,0.6425,1.2269,0.5954,0.4667,0.3811,0.2631,0.3556
2024-10-26,0.375,0.384,0.5892,0.9166,0.8192,0.3444,0.2824,0.2125,0.3611
2024-10-27,0.40665,0.3729,0.6475,0.8483,0.7019,0.43055,0.28359999999999996,0.1953,0.40835
2024-10-28,0.4383,0.3618,0.7058,0.78,0.5846,0.5167,0.2848,0.1781,0.4556
2024-10-29,0.5417,0.384,0.7333,0.5394,0.3538,0.5389,0.1822,0.1381,0.8667
2024-10-30,0.3317,0.3893,0.6758,0.5625,0.4913,0.5056,0.1136,0.1338,0.6
2024-10-31,0.385,0.391,0.6317,0.8225,0.4435,0.4556,0.204,0.1394,0.5056
2024-11-01,0.2783,0.355,0.4975,0.7756,0.4169,0.3944,0.3246,0.1338,0.3444
2024-11-02,0.3783,0.3562,0.5183,0.9047,0.3269,0.4,0.2396,0.1719,0.4611
2024-11-03,0.32165,0.33985,0.5520499999999999,0.7749999999999999,0.34575,0.4111,0.22505,0.1994,0.55835
2024-11-04,0.265,0.3235,0.5858,0.6453,0.3646,0.4222,0.2105,0.2269,0.6556
2024-11-05,0.4783,0.3447,0.625,1.0231,0.4242,0.5611,0.4075,0.2262,0.6167
2024-11-06,0.74,0.395,0.8042,1.1125,0.6488,0.5889,0.4766,0.2431,0.5222
2024-11-07,0.5783,0.398,0.9583,1.0806,0.9525,0.6611,0.2986,0.2181,0.4
2024-11-08,0.37,0.4033,0.6692,1.1141,0.5762,0.5222,0.2324,0.1475,0.3944
2024-11-09,0.32,0.3735,0.4967,0.8094,0.3908,0.4278,0.2376,0.1538,0.5278
2024-11-10,0.34585,0.37634999999999996,0.55335,0.7689,0.3701,0.5,0.24125000000000002,0.16315,0.5639000000000001
2024-11-11,0.3717,0.3792,0.61,0.7284,0.3494,0.5722,0.2449,0.1725,0.6
2024-11-12,0.4233,0.3642,0.5733,0.8456,0.4796,0.2722,0.2452,0.1725,0.3556
2024-11-13,0.425,0.3228,0.5833,1.0,0.5598,0.3833,0.1835,0.1656,0.35
2024-11-14,0.42096153846153844,0.3241153846153846,0.5803846153846154,0.9822115384615384,0.5469615384615384,0.37902692307692304,0.18175384615384615,0.16468846153846153,0.3472230769230769
2024-11-15,0.4169230769230769,0.3254307692307692,0.5774692307692308,0.9644230769230769,0.5341230769230769,0.3747538461538461,0.1800076923076923,0.16377692307692307,0.34444615384615385
2024-11-16,0.41288461538461535,0.3267461538461538,0.5745538461538462,0.9466346153846154,0.5212846153846153,0.3704807692307692,0.17826153846153847,0.1628653846153846,0.3416692307692307
2024-11-17,,,,,,,,,
2024-11-18,,,,,,,,,
2024-11-19,,,,,,,,,
2024-11-20,,,,,,,,,
2024-11-21,,,,,,,,,
2024-11-22,,,,,,,,,
2024-11-23,,,,,,,,,
2024-11-24,,,,,,,,,
2024-11-25,,,,,,,,,
2024-11-26,,,,,,,,,
2024-11-27,,,,,,,,,
2024-11-28,,,,,,,,,
2024-11-29,,,,,,,,,
2024-11-30,,,,,,,,,
2024-12-01,,,,,,,,,
2024-12-02,,,,,,,,,
2024-12-03,,,,,,,,,
2024-12-04,,,,,,,,,
2024-12-05,,,,,,,,,
2024-12-06,,,,,,,,,
2024-12-07,,,,,,,,,
2024-12-08,,,,,,,,,
2024-12-09,0.32,0.357,0.5075,0.5375,0.226,0.2722,0.1381,0.1419,0.2778
2024-12-10,0.265,0.3517,0.6042,0.8684,0.4398,0.3389,0.2448,0.1738,0.3667
2024-12-11,0.2133,0.3502,0.6017,1.0781,0.5646,0.4111,0.2165,0.11,0.4833
2024-12-12,0.2667,0.3258,0.5217,1.1725,0.5585,0.2833,0.2114,0.1306,0.45
2024-12-13,0.26936499999999997,0.32791,0.5233650000000001,1.1480450000000002,0.5485949999999999,0.28108,0.21366000000000002,0.130915,0.44583500000000004
2024-12-14,0.27203,0.33002,0.5250300000000001,1.12359,0.53869,0.27886,0.21592,0.13122999999999999,0.44167
2024-12-15,0.274695,0.33213,0.526695,1.099135,0.528785,0.27664,0.21818,0.131545,0.43750500000000003
2024-12-16,,,,,,,,,
2024-12-17,,,,,,,,,
2024-12-18,,,,,,,,,
2024-12-19,,,,,,,,,
2024-12-20,,,,,,,,,
2024-12-21,,,,,,,,,
2024-12-22,,,,,,,,,
2024-12-23,,,,,,,,,
2024-12-24,,,,,,,,,
2024-12-25,,,,,,,,,
2024-12-26,,,,,,,,,
2024-12-27,,,,,,,,,
2024-12-28,,,,,,,,,
2024-12-29,,,,,,,,,
2024-12-30,,,,,,,,,
2024-12-31,,,,,,,,,
2025-01-01,0.32,0.368,0.555,0.6834,0.3604,0.2389,0.2566,0.1369,0.3667
2025-01-02,0.275,0.3248,0.5325,0.7553,0.3854,0.3167,0.1694,0.1381,0.3278
2025-01-03,0.3217,0.3397,0.5258,0.9516,0.4875,0.3778,0.1736,0.1719,0.2778
2025-01-04,0.315,0.3587,0.55,0.9806,0.4419,0.4222,0.1555,0.1769,0.3222
2025-01-05,0.37085,0.3502,0.55415,1.0156,0.48824999999999996,0.35,0.1792,0.16785,0.34165
2025-01-06,0.4267,0.3417,0.5583,1.0506,0.5346,0.2778,0.2029,0.1588,0.3611
2025-01-07,0.4867,0.365,0.5792,0.9866,0.5271,0.2833,0.2115,0.1981,0.3667
2025-01-08,0.4917,0.3692,0.625,1.3166,0.6633,0.2556,0.2359,0.1788,0.5056
2025-01-09,0.4383,0.3472,0.5883,1.1666,0.5806,0.3333,0.1579,0.21,0.5444
2025-01-10,0.49,0.33,0.5267,0.9406,0.4962,0.3944,0.164,0.1906,0.6167
2025-01-11,0.32,0.3818,0.66,0.6166,0.3831,0.9167,0.1596,0.2288,0.4056
2025-01-12,0.3425,0.36965,0.6279,0.6236,0.33645,0.81945,0.1683,0.20505,0.5306
2025-01-13,0.365,0.3575,0.5958,0.6306,0.2898,0.7222,0.177,0.1813,0.6556
2025-01-14,0.4167,0.3615,0.5867,1.0372,0.5167,0.3,0.1077,0.1944,0.3667
2025-01-15,0.4783,0.376,0.545,1.2016,0.6013,0.5056,0.1032,0.1419,0.3167
2025-01-16,0.3683,0.3888,0.5425,1.0394,0.4737,0.2667,0.1842,0.1019,0.4722
2025-01-17,0.3183,0.3785,0.5975,0.5672,0.3023,0.4444,0.1956,0.1712,0.3944
2025-01-18,0.4267,0.3738,0.5583,0.4322,0.2613,0.3333,0.1776,0.1725,0.2778
2025-01-19,0.6642,0.35750000000000004,0.75455,0.7707999999999999,0.5614,0.38055,0.2031,0.15749999999999997,0.3667
2025-01-20,0.9017,0.3412,0.9508,1.1094,0.8615,0.4278,0.2286,0.1425,0.4556
2025-01-21,0.5317,0.3067,0.6975,0.6787,0.4188,0.5444,0.2164,0.1356,0.5722
2025-01-22,0.32,0.332,0.5258,0.4088,0.2992,0.5778,0.1935,0.1887,0.6167
2025-01-23,0.3733,0.3532,0.6,0.6712,0.4083,0.6278,0.417,0.1556,0.45
2025-01-24,0.2683,0.3588,0.5508,0.5947,0.3217,0.4111,0.4182,0.11,0.3611
2025-01-25,0.3733,0.3367,0.5933,0.5128,0.239,0.2889,0.1764,0.1231,0.3222
2025-01-26,0.38373478260869565,0.3376695652173913,0.597504347826087,0.5348130434782609,0.24808260869565216,0.29155652173913044,0.17618260869565217,0.15198695652173913,0.32558260869565214
2025-01-27,0.3941695652173913,0.3386391304347826,0.601708695652174,0.5568260869565218,0.2571652173913043,0.2942130434782609,0.17596521739130436,0.18087391304347827,0.32896521739130435
2025-01-28,0.40460434782608695,0.3396086956521739,0.6059130434782609,0.5788391304347826,0.2662478260869565,0.2968695652173913,0.17574782608695652,0.2097608695652174,0.3323478260869565
2025-01-29,,,,,,,,,
2025-01-30,,,,,,,,,
2025-01-31,,,,,,,,,
2025-02-01,,,,,,,,,
2025-02-02,,,,,,,,,
2025-02-03,,,,,,,,,
2025-02-04,,,,,,,,,
2025-02-05,,,,,,,,,
2025-02-06,,,,,,,,,
2025-02-07,,,,,,,,,
2025-02-08,,,,,,,,,
2025-02-09,,,,,,,,,
2025-02-10,,,,,,,,,
2025-02-11,,,,,,,,,
2025-02-12,,,,,,,,,
2025-02-13,,,,,,,,,
2025-02-14,,,,,,,,,
2025-02-15,,,,,,,,,
2025-02-16,,,,,,,,,
2025-02-17,0.6133,0.359,0.69,1.0191,0.4479,0.35,0.1714,0.7875,0.4
2025-02-18,0.6117,0.3513,0.6217,1.2919,0.5694,0.5389,0.1756,0.2794,0.5722
2025-02-19,0.3583,0.3967,0.6467,0.8825,0.5412,0.6,0.1794,0.4025,0.3667
2025-02-20,0.46,0.345,0.6458,0.9338,0.4377,0.2667,0.5162,0.265,0.2778
2025-02-21,0.5567,0.3858,0.7217,0.6584,0.349,0.4167,0.2122,0.225,0.2333
2025-02-22,0.305,0.3635,0.535,0.6353,0.3325,0.4333,0.1568,0.18,0.2778
2025-02-23,0.7750000000000001,0.35524999999999995,0.7254,0.7678,0.5963499999999999,0.4111,0.1651,0.35345000000000004,0.3417
2025-02-24,1.245,0.347,0.9158,0.9003,0.8602,0.3889,0.1734,0.5269,0.4056
2025-02-25,1.5167,0.3333,0.7333,1.0206,0.5273,1.3056,0.111,0.5744,0.3667
2025-02-26,0.5283,0.3545,0.845,0.6656,0.5444,0.7722,0.2081,0.3775,0.2333
2025-02-27,0.695,0.3438,0.6408,0.6953,0.3654,0.4778,0.2081,0.2019,0.3222
2025-02-28,0.375,0.3305,0.6233,0.4509,0.3067,1.0889,0.2719,0.1494,0.2778
2025-03-01,0.3733,0.3212,0.6333,0.4488,0.3696,0.9111,0.1761,0.2,0.2778
2025-03-02,0.34665,0.34619999999999995,0.5829,0.56875,0.36095,0.68335,0.1675,0.2028,0.2778
2025-03-03,0.32,0.3712,0.5325,0.6887,0.3523,0.4556,0.1589,0.2056,0.2778
2025-03-04,0.4867,0.3915,0.5342,0.6906,0.4144,0.3389,0.2329,0.1431,0.3222
2025-03-05,0.8117,0.3362,0.595,0.7803,0.4131,0.2722,0.3989,0.1888,0.2778
2025-03-06,1.5233,0.3612,0.6675,0.8753,0.3525,0.1889,0.2374,0.125,0.3222
2025-03-07,1.7867,0.3405,0.865,0.8978,0.4231,0.2944,0.3103,0.1175,0.2333
2025-03-08,2.6617,0.377,0.795,0.7759,0.684,0.3389,0.2439,0.0912,0.3667
2025-03-09,1.7717,0.37035,0.6675,0.98795,0.6021000000000001,0.31945,0.25405,0.12905,0.35
2025-03-10,0.8817,0.3637,0.54,1.2,0.5202,0.3,0.2642,0.1669,0.3333
2025-03-11,0.965,0.3715,0.75,0.7762,0.474,0.3167,0.2695,0.175,0.4
2025-03-12,0.395,0.3307,0.6,0.7353,0.4079,0.3333,0.3602,0.1225,0.35
2025-03-13,0.395,0.3268,0.6717,0.8331,0.4646,0.4167,0.256,0.1762,0.3444
2025-03-14,0.7283,0.3615,0.6242,0.7222,0.4117,0.3167,0.2187,0.1494,0.35
2025-03-15,0.275,0.3575,0.5858,0.6122,0.3306,0.2722,0.2359,0.1256,0.3222
2025-03-16,0.40750000000000003,0.34014999999999995,0.59415,0.62155,0.33615,0.2639,0.24925,0.1809,0.3222
2025-03-17,0.54,0.3228,0.6025,0.6309,0.3417,0.2556,0.2626,0.2362,0.3222
2025-03-18,0.6817,0.3062,0.6017,0.8362,0.3087,0.4278,0.3116,0.2319,0.3222
2025-03-19,0.5333,0.2628,0.6192,0.9597,0.3656,0.3167,0.2985,0.1737,0.2778
2025-03-20,1.3883,0.2755,0.6158,0.9103,0.5933,0.7944,0.1962,0.175,0.2778
2025-03-21,1.295,0.3258,0.7717,0.7688,0.4244,0.2833,0.1589,0.1369,0.2778
2025-03-22,1.15,0.4058,0.615,0.7513,0.4254,0.2444,0.1858,0.1706,0.3333
2025-03-23,0.74085,0.3998,0.59665,0.8895500000000001,0.405,0.3083,0.2044,0.21125,0.33609999999999995
2025-03-24,0.3317,0.3938,0.5783,1.0278,0.3846,0.3722,0.223,0.2519,0.3389
2025-03-25,0.6067,0.342,0.6283,1.2331,0.6244,0.3778,0.1396,0.385,0.4556
2025-03-26,1.0333,0.347,0.6283,1.2675,0.6994,0.3667,0.4468,0.3081,0.3722
2025-03-27,0.5483,0.338,0.6467,0.7178,0.5446,0.2333,0.2521,0.205,0.3778
2025-03-28,0.6017,0.3145,0.6258,0.6197,0.4131,0.2722,0.2121,0.1456,0.5056
2025-03-29,0.61,0.3445,0.6408,0.7709,0.3581,0.2222,0.2202,0.12,0.4222
2025-03-30,0.47250000000000003,0.34535,0.61625,0.9853000000000001,0.39895,0.27775,0.2096,0.13405,0.3833
2025-03-31,0.335,0.3462,0.5917,1.1997,0.4398,0.3333,0.199,0.1481,0.3444
2025-04-01,0.4417,0.3568,0.4958,0.8425,0.431,0.2889,0.2117,0.16,0.4278
2025-04-02,0.385,0.3625,0.5392,0.6619,0.3802,0.2611,0.3761,0.1456,0.2556
2025-04-03,0.4433,0.3395,0.5233,0.5909,0.3629,0.1944,0.2659,0.1331,0.2944
2025-04-04,0.6617,0.329,0.6342,0.5397,0.3177,0.25,0.223,0.1669,0.4611
2025-04-05,0.555,0.345,0.6042,0.4025,0.4631,0.1556,0.212,0.1269,0.4278
2025-04-06,0.51915,0.33925,0.5562499999999999,0.46815000000000007,0.38280000000000003,0.16115,0.21305000000000002,0.13565,0.3528
2025-04-07,0.4833,0.3335,0.5083,0.5338,0.3025,0.1667,0.2141,0.1444,0.2778
2025-04-08,0.5317,0.3117,0.5575,0.8972,0.4702,0.6778,0.1774,0.2987,0.2778
2025-04-09,0.3217,0.3147,0.5317,0.9847,0.4573,0.9222,0.1967,0.2362,0.2333
2025-04-10,0.2683,0.2835,0.6092,0.9872,0.4827,0.3278,0.1444,0.2162,0.3667
2025-04-11,0.485,0.2848,0.635,0.7678,0.4258,0.3222,0.1559,0.1312,0.2778
2025-04-12,0.7083,0.2997,0.59,0.6463,0.3754,0.2667,0.2012,0.0919,0.2333
2025-04-13,0.3317,0.293,0.5142,1.0041,0.3881,0.3889,0.2447,0.2825,0.2944
2025-04-14,0.3317,0.293,0.5142,1.0041,0.3881,0.3889,0.2447,0.2825,0.2944
2025-04-15,0.495,0.2708,0.5867,0.7969,0.404,0.4222,0.1859,0.225,0.4611
2025-04-16,0.4483,0.24,0.6075,0.6409,0.3258,0.2389,0.153,0.1612,0.5111
2025-04-17,0.4233,0.2958,0.5783,0.7512,0.3788,0.3278,0.1527,0.1212,0.3444
2025-04-18,0.4517,0.2948,0.6042,0.6881,0.3692,0.2556,0.146,0.1294,0.3556
2025-04-19,0.4517,0.3055,0.5142,0.7434,0.4248,0.2722,0.1722,0.1844,0.3889
2025-04-20,0.79,0.3047,0.61,1.3206,0.3852,0.3278,0.1847,0.2319,0.3056
2025-04-21,0.79,0.3048,0.61,1.3206,0.3852,0.3278,0.1847,0.2319,0.3056
2025-04-22,0.625,0.3538,0.615,2.8519,0.5177,0.2556,0.1535,0.2325,0.3944
2025-04-23,0.91,0.3495,0.6458,1.1691,0.4923,0.1833,0.1739,0.1775,0.7
2025-04-24,0.51,0.31,0.6892,0.8697,0.4783,0.3222,0.1695,0.1244,0.6056
2025-04-25,0.6817,0.2887,0.635,1.1156,0.5762,0.2333,0.1559,0.1444,0.4333
2025-04-26,0.2767,0.2922,0.6133,1.0666,0.4692,0.25,0.1401,0.1269,0.2556
2025-04-27,0.32835000000000003,0.3042,0.6053999999999999,1.28395,0.43135,0.2972,0.14465,0.2397,0.29725
2025-04-28,0.38,0.3162,0.5975,1.5013,0.3935,0.3444,0.1492,0.3525,0.3389
2025-04-29,0.4467,0.3278,0.5617,0.9797,0.3894,0.2333,0.3316,0.3894,0.3056
2025-04-30,0.335,0.3462,0.5392,1.0825,0.5694,0.4667,0.3476,0.2506,0.3056
2025-05-01,0.5567,0.3235,0.6242,0.9156,0.6471,0.4944,0.2716,0.1881,0.3056
2025-05-02,0.5533,0.3165,0.5925,0.7447,0.3594,0.3944,0.2866,0.1344,0.3889
2025-05-03,0.3383,0.3497,0.525,0.9172,0.3944,0.2556,0.2257,0.1431,0.4389
2025-05-04,,,,,,,,,
2025-05-05,,,,,,,,,
2025-05-06,,,,,,,,,
2025-05-07,,,,,,,,,
2025-05-08,,,,,,,,,
2025-05-09,,,,,,,,,
2025-05-10,,,,,,,,,
2025-05-11,,,,,,,,,
2025-05-12,,,,,,,,,
2025-05-13,,,,,,,,,
2025-05-14,,,,,,,,,
2025-05-15,,,,,,,,,
2025-05-16,,,,,,,,,
2025-05-17,,,,,,,,,
2025-05-18,,,,,,,,,
2025-05-19,,,,,,,,,
2025-05-20,,,,,,,,,
2025-05-21,,,,,,,,,
2025-05-22,,,,,,,,,
2025-05-23,,,,,,,,,
2025-05-24,,,,,,,,,
2025-05-25,,,,,,,,,
2025-05-26,,,,,,,,,
2025-05-27,,,,,,,,,
2025-05-28,,,,,,,,,
2025-05-29,,,,,,,,,
2025-05-30,,,,,,,,,
2025-05-31,,,,,,,,,
2025-06-01,,,,,,,,,
2025-06-02,,,,,,,,,
2025-06-03,,,,,,,,,
2025-06-04,,,,,,,,,
2025-06-05,,,,,,,,,
2025-06-06,,,,,,,,,
2025-06-07,,,,,,,,,
2025-06-08,,,,,,,,,
2025-06-09,,,,,,,,,
2025-06-10,,,,,,,,,
2025-06-11,,,,,,,,,
2025-06-12,,,,,,,,,
2025-06-13,,,,,,,,,
2025-06-14,,,,,,,,,
2025-06-15,,,,,,,,,
2025-06-16,,,,,,,,,
2025-06-17,,,,,,,,,
