Date,Suspanded Matter,Sulfur dioxide,Carbon monoxide,Nitrogen dioxide,Nitrous oxide,Phenol,Hydrogen chloride,Ammonia,Formaldehyde
1/1/2020,,,,,,,,,
1/2/2020,0.6,0.4,1.6,1.9,0.6,0.9,0.1,0.3,1.2
1/3/2020,0.3,0.5,1.8,1.7,0.5,1.0,0.1,0.3,1.1
1/4/2020,0.3,0.4,1.7,1.7,0.5,1.2,0.1,0.4,1.0
1/5/2020,0.3,0.6,2.1,2.0,0.5,1.4,0.1,0.3,0.9
1/6/2020,,,,,,,,,
1/7/2020,,,,,,,,,
1/8/2020,,,,,,,,,
1/9/2020,0.3,0.4,1.8,1.7,0.5,0.9,0.1,0.4,1.1
1/10/2020,0.5,0.5,1.8,1.9,0.6,1.0,0.2,0.3,1.2
1/11/2020,0.4,0.5,1.8,1.8,0.6,1.3,0.1,0.3,1.1
1/12/2020,,,,,,,,,
1/13/2020,0.6,0.5,2.0,1.8,0.6,1.2,0.2,0.4,1.1
1/14/2020,0.4,0.6,2.3,1.6,0.4,1.2,0.1,0.4,0.6
1/15/2020,0.4,0.4,2.0,0.8,0.5,1.2,0.1,0.2,0.8
1/16/2020,0.3,0.5,1.7,3.0,1.0,1.0,0.1,0.4,0.7
1/17/2020,0.3,0.3,1.7,1.4,0.4,1.1,0.1,0.3,0.8
1/18/2020,0.4,0.6,1.8,1.5,0.4,1.2,0.1,0.3,0.7
1/19/2020,,,,,,,,,
1/20/2020,0.3,0.5,1.6,1.5,0.4,0.8,0.1,0.3,0.7
1/21/2020,0.3,0.3,1.6,1.9,0.6,1.1,0.1,0.4,1.0
1/22/2020,0.4,0.6,1.6,1.8,0.5,1.3,0.1,0.3,0.7
1/23/2020,0.3,0.5,1.7,2.5,0.8,1.0,0.3,0.3,1.0
1/24/2020,0.3,0.4,1.7,1.8,0.5,1.1,0.2,0.4,1.2
1/25/2020,0.5,0.5,1.8,1.8,0.5,1.0,0.3,0.4,1.3
1/26/2020,,,,,,,,,
1/27/2020,0.4,0.3,1.9,1.7,0.5,0.8,0.3,0.4,1.4
1/28/2020,0.5,0.5,2.1,1.5,0.4,1.2,0.2,0.3,1.6
1/29/2020,0.2,0.5,1.8,1.3,0.3,1.3,0.2,0.2,1.0
1/30/2020,0.3,0.4,1.6,1.6,0.4,1.2,0.2,0.3,1.2
1/31/2020,0.3,0.5,1.5,1.7,0.5,1.2,0.2,0.3,1.8
2/1/2020,0.3,0.5,1.5,1.6,0.4,1.2,0.2,0.1,1.8
2/2/2020,,,,,,,,,
2/3/2020,0.2,0.3,1.5,1.1,0.2,1.4,0.2,0.2,2
2/4/2020,0.3,0.4,1.5,1.4,0.3,0.9,0.2,0.2,1.7
2/5/2020,0.2,0.6,1.5,1.4,0.4,1.1,0.1,0.2,2.4
2/6/2020,0.2,0.6,1.6,1.1,0.3,1.4,0.1,0.2,2.6
2/7/2020,0.2,0.5,1.5,1.7,0.4,1.4,0.2,0.2,1.3
2/8/2020,0.3,0.6,1.5,1.4,0.4,1.2,0.1,0.1,1.5
2/9/2020,,,,,,,,,
2/10/2020,0.3,0.4,1.6,1.2,0.3,0.9,0.1,0.1,1.1
2/11/2020,0.2,0.5,1.5,1.2,0.3,1,0.3,0.4,1.6
2/12/2020,0.2,0.6,1.5,1,0.3,1,0.1,0.4,1
2/13/2020,0.4,0.4,1.5,1.3,0.4,0.9,0.1,0.4,1
2/14/2020,0.5,0.5,1.4,1.1,0.3,0.5,0.1,0.3,1.2
2/15/2020,0.4,0.5,1.4,1,0.3,0.6,0.2,0.2,1.2
2/16/2020,,,,,,,,,
2/17/2020,0.3,0.4,1.4,1,0.2,0.8,0.1,0.3,1.8
2/18/2020,0.3,0.3,1.3,1.7,0.5,1.7,0.1,0.3,1.5
2/19/2020,0.4,0.4,1.3,1,0.3,1,0.1,0.2,1
2/20/2020,0.4,0.4,1.1,1.1,0.2,0.8,0.3,0.2,1.1
2/21/2020,0.4,0.5,1.1,0.7,0.1,1,0.2,0.3,1
2/22/2020,0.4,0.5,1.1,0.8,0.1,0.9,0.2,0.2,1.2
2/23/2020,,,,,,,,,
2/24/2020,0.3,0.4,1.2,1.3,0.3,1.0,0.0,0.2,1.4
2/25/2020,0.3,0.5,1.2,1.0,0.2,0.9,0.1,0.2,0.8
2/26/2020,0.3,0.6,1.0,1.1,0.2,1.1,0.1,0.2,1.7
2/27/2020,0.5,0.5,1.0,1.3,0.3,1.0,0.1,0.3,1.1
2/28/2020,0.7,0.5,1.1,1.6,0.4,0.8,0.1,0.3,1.6
2/29/2020,0.5,0.4,1.0,1.8,0.5,0.8,0.1,0.4,1.0
3/1/2020,,,,,,,,,
3/2/2020,,,,,,,,,
3/3/2020,,,,,,,,,
3/4/2020,,,,,,,,,
3/5/2020,,,,,,,,,
3/6/2020,,,,,,,,,
3/7/2020,,,,,,,,,
3/8/2020,,,,,,,,,
3/9/2020,,,,,,,,,
3/10/2020,0.5,0.4,0.7,0.8,0.2,0.6,0.1,0.3,1.1
3/11/2020,0.3,0.4,0.7,0.8,0.2,1.2,0.1,0.3,1.1
3/12/2020,0.2,0.4,0.7,0.5,0.1,0.9,0.1,0.3,1.5
3/13/2020,0.3,0.4,0.7,0.8,0.1,1.0,0.1,0.2,1.0
3/14/2020,0.4,0.4,0.7,0.8,0.1,1.0,0.1,0.3,1.2
3/15/2020,,,,,,,,,
3/16/2020,0.6,0.4,0.7,2.1,0.6,0.6,0.1,0.3,1.0
3/17/2020,0.5,0.4,0.7,1.1,0.3,1.1,0.1,0.3,0.9
3/18/2020,0.7,0.5,0.6,1.2,0.3,1.0,0.1,0.2,2.8
3/19/2020,0.8,0.4,0.7,1.4,0.4,0.6,0.1,0.2,1.9
3/20/2020,0.7,0.5,0.7,1.0,0.4,0.4,0.2,0.1,0.6
3/21/2020,0.3,0.5,0.7,1.3,0.5,0.6,0.2,0.1,0.9
3/22/2020,,,,,,,,,
3/23/2020,0.3,0.4,0.8,0.9,0.2,0.5,0.2,0.1,0.8
3/24/2020,0.3,0.5,0.8,0.9,0.2,0.6,0.2,0.2,0.9
3/25/2020,0.3,0.5,0.8,1.1,0.2,0.7,0.2,0.1,1.1
3/26/2020,0.4,0.5,0.9,1.4,0.5,1.0,0.1,0.3,0.9
3/27/2020,0.5,0.5,0.7,1.3,0.3,1.0,0.1,0.1,0.9
3/28/2020,0.5,0.5,0.8,1.3,0.3,1.1,0.1,0.1,1.5
3/29/2020,,,,,,,,,
3/30/2020,0.3,0.6,0.4,1.0,0.3,1.1,0.1,0.1,0.9
3/31/2020,0.3,0.5,0.4,0.9,0.2,0.6,0.1,0.2,1.0
4/1/2020,0.4,0.5,0.4,1.4,0.3,0.7,0.1,0.2,1.1
4/2/2020,0.4,0.5,0.6,1.4,0.4,0.8,0.2,0.2,1.7
4/3/2020,0.5,0.5,0.6,1.6,0.4,0.5,0.1,0.2,1.5
4/4/2020,0.5,0.5,0.5,1.5,0.4,0.5,0.1,0.2,1.8
4/5/2020,,,,,,,,,
4/6/2020,0.40,0.50,0.60,1.80,0.50,0.80,0.00,0.20,0.90
4/7/2020,0.30,0.60,0.60,1.80,0.50,0.90,0.10,0.20,1.70
4/8/2020,0.50,0.60,0.60,1.70,0.50,0.90,0.10,0.40,1.40
4/9/2020,0.50,0.80,0.60,2.10,0.60,0.80,0.20,0.40,1.60
4/10/2020,0.30,0.80,0.60,1.90,0.60,0.40,0.20,0.30,1.80
4/11/2020,0.30,0.70,0.40,1.90,0.60,0.50,0.10,0.30,1.60
4/12/2020,,,,,,,,,
4/13/2020,0.3,0.6,0.5,2.3,0.7,0.6,0.1,0.3,1.1
4/14/2020,0.5,0.4,0.4,2.0,0.6,0.7,0.1,0.2,1.0
4/15/2020,0.4,0.3,0.4,1.9,0.5,0.7,0.1,0.2,1.6
4/16/2020,0.4,0.6,0.5,1.7,0.4,0.6,0.1,0.2,1.2
4/17/2020,0.4,0.5,0.6,1.6,0.4,0.6,0.1,0.2,1.2
4/18/2020,0.3,0.5,0.5,1.9,0.5,0.7,0.1,0.1,1.4
4/19/2020,,,,,,,,,
4/20/2020,,,,,,,,,
4/21/2020,0.2,0.4,0.4,1.7,0.4,0.5,0.0,0.2,1.0
4/22/2020,0.3,0.6,0.4,2.0,0.6,0.4,0.0,0.2,1.2
4/23/2020,0.4,0.3,0.5,1.1,0.3,0.4,0.0,0.3,1.1
4/24/2020,0.4,0.5,0.5,2.4,0.8,0.4,0.1,0.1,1.7
4/25/2020,0.2,0.6,0.5,2.2,0.7,0.4,0.1,0.2,3.6
4/26/2020,,,,,,,,,
4/27/2020,0.3,0.7,0.5,1.8,0.5,0.9,0.1,0.2,2.1
4/28/2020,0.3,0.5,0.5,1.6,0.4,0.8,0.1,0.3,2.0
4/29/2020,0.4,0.6,0.5,2.0,0.5,0.8,0.1,0.2,2.0
4/30/2020,0.3,0.6,0.6,2.0,0.6,0.5,0.1,0.2,1.7
5/1/2020,,,,,,,,,
5/2/2020,0.4,0.5,0.5,2.2,0.6,0.6,0.1,0.3,1.3
5/3/2020,,,,,,,,,
5/4/2020,0.2800,0.4280,0.5350,2.3053,0.6748,0.6444,0.0860,0.2612,2.1889
5/5/2020,0.3367,0.4732,0.4992,2.3166,0.6850,0.6889,0.1012,0.1244,1.4833
5/6/2020,0.2750,0.3925,0.3767,2.1225,0.6158,0.8167,0.0950,0.2181,1.3167
5/7/2020,0.3883,0.4160,0.4375,1.7822,0.4983,0.5111,0.0651,0.2031,1.5000
5/8/2020,0.3317,0.4780,0.5083,2.0822,0.6058,0.5167,0.1046,0.1631,1.5167
5/9/2020,,,,,,,,,
5/10/2020,,,,,,,,,
5/11/2020,0.4633,0.5152,0.5417,2.1628,0.6206,0.8000,0.0941,0.1837,1.6278
5/12/2020,0.3367,0.5357,0.4275,1.9794,0.5692,0.6667,0.0749,0.1538,1.3889
5/13/2020,0.3317,0.4942,0.3400,2.0450,0.6094,0.5833,0.0896,0.2094,1.1778
5/14/2020,0.2217,0.3038,0.3200,1.9644,0.5367,0.6056,0.0667,0.1088,0.6111
5/15/2020,0.3317,0.3317,0.2800,1.7959,0.4717,0.5556,0.0794,0.1088,1.1778
5/16/2020,0.3333,0.5318,0.3233,1.9703,0.5110,0.6500,0.0878,0.1431,1.0889
5/17/2020,,,,,,,,,
5/18/2020,0.3917,0.5935,0.3633,1.9881,0.5142,0.3722,0.0784,0.2269,1.0889
5/19/2020,0.4550,0.4520,0.4183,2.0016,0.4438,0.6722,0.0949,0.2531,1.0611
5/20/2020,0.3367,0.4300,0.4717,1.6775,0.4269,0.5500,0.0567,0.2188,1.0500
5/21/2020,0.3883,0.4960,0.3158,2.0219,0.5154,0.6000,0.0464,0.2050,0.7556
5/22/2020,0.3817,0.5028,0.2792,1.8956,0.5127,0.6056,0.0912,0.1412,1.2556
5/23/2020,0.3900,0.4998,0.3058,1.6675,0.4294,0.6500,0.1221,0.1775,1.0389
5/24/2020,,,,,,,,,
5/25/2020,0.3317,0.5512,0.2833,1.9631,0.5356,0.8833,0.0703,0.1156,0.7889
5/26/2020,0.2200,0.6320,0.2833,1.6812,0.4129,0.7667,0.1795,0.1219,1.4500
5/27/2020,0.3317,0.3750,0.2583,1.7562,0.4558,0.6278,0.1504,0.1431,1.3167
5/28/2020,0.4500,0.5242,0.3367,1.2250,0.3169,0.7389,0.1699,0.0894,1.0000
5/29/2020,0.3350,0.4975,0.2983,1.7188,0.4681,1.0500,0.0760,0.1512,1.2389
5/30/2020,0.2783,0.5103,0.3600,1.5966,0.3727,0.7111,0.0760,0.1581,0.3333
5/31/2020,,,,,,,,,
6/1/2020,0.2767,0.4715,0.2833,1.4931,0.3890,0.6611,0.0954,0.2469,1.1889
6/2/2020,0.3900,0.5030,0.2808,1.5816,0.3812,0.7333,0.0880,0.2531,1.6556
6/3/2020,0.3950,0.4890,0.3125,1.5419,0.3925,0.8722,0.0791,0.3188,1.7278
6/4/2020,0.4000,0.5538,0.3667,0.8044,0.1708,0.7167,0.0952,0.2375,0.9278
6/5/2020,0.7550,0.6877,0.4342,1.0212,0.2046,0.5611,0.1165,0.2475,1.2278
6/6/2020,0.4667,0.5995,0.4992,1.1225,0.1658,0.6611,0.1198,0.2850,1.3833
6/7/2020,,,,,,,,,
6/8/2020,,,,,,,,,
6/9/2020,0.6433,0.2802,0.5092,0.6044,0.0998,0.6333,0.0690,0.1450,1.7889
6/10/2020,0.8083,0.4128,0.5508,0.4975,0.0988,0.6389,0.0624,0.2650,1.4667
6/11/2020,0.8217,0.3625,0.5858,0.6062,0.0925,0.8056,0.0974,0.2300,1.6444
6/12/2020,0.4750,0.5422,0.6233,0.9178,0.1463,0.6833,0.1010,0.1812,1.1611
6/13/2020,0.4133,0.4645,0.7108,0.7669,0.1085,0.8500,0.0696,0.2825,1.3500
6/14/2020,,,,,,,,,
6/15/2020,0.3483,0.3453,0.4925,0.8434,0.1202,1.0278,0.0961,0.1638,1.0389
6/16/2020,0.4600,0.5035,0.6000,0.5134,0.1971,1.0778,0.1641,0.1369,2.2500
6/17/2020,0.5767,0.4825,0.5517,0.8003,0.1135,0.7944,0.1035,0.2256,2.5000
6/18/2020,0.2883,0.4222,0.4883,0.5294,0.1527,0.4889,0.0452,0.1694,1.1667
6/19/2020,0.5183,0.3820,0.6292,0.8603,0.2781,0.5833,0.0305,0.1419,1.0778
6/20/2020,0.6350,0.4340,0.5683,0.8553,0.2160,0.4167,0.0625,0.2275,1.4222
6/21/2020,,,,,,,,,
6/22/2020,0.3467,0.2785,0.5775,0.6716,0.1765,0.6000,0.0686,0.1994,1.1778
6/23/2020,0.3467,0.3040,0.5383,0.7519,0.1538,0.8444,0.0835,0.1625,1.3778
6/24/2020,0.8000,0.2365,0.6150,0.9784,0.3735,0.7500,0.0802,0.2319,1.1611
6/25/2020,0.4000,0.4702,0.5833,1.2809,0.4748,0.5278,0.0878,0.2806,2.0944
6/26/2020,0.4017,0.4520,0.6233,1.0425,0.3425,0.5722,0.0855,0.2744,1.1222
6/27/2020,0.5150,0.5062,0.6608,0.8634,0.2565,0.8222,0.0660,0.2481,1.7722
6/28/2020,,,,,,,,,
6/29/2020,,,,,,,,,
6/30/2020,0.5217,0.5602,0.6800,0.6519,0.4954,0.9722,0.0508,0.2275,2.1167
7/1/2020,0.5200,0.4152,0.5667,1.2434,0.5348,0.4611,0.2876,0.2781,0.7389
7/2/2020,0.7000,0.5592,0.6133,1.1431,0.6619,0.4389,0.2949,0.1288,1.1444
7/3/2020,0.6967,0.5420,0.6333,1.2078,0.6342,0.4778,0.2040,0.2356,0.8389
7/4/2020,0.7483,0.5405,0.6067,1.0450,0.6835,0.2889,0.1614,0.1281,0.8278
7/5/2020,,,,,,,,,
7/6/2020,0.5133,0.5252,0.5758,1.0197,0.4227,0.3444,0.1449,0.1006,0.7944
7/7/2020,0.3417,0.4092,0.4942,1.0303,0.4421,0.4056,0.2724,0.1250,0.6333
7/8/2020,0.6283,0.5168,0.5375,0.9634,0.5898,0.4778,0.1815,0.1600,0.5778
7/9/2020,0.6217,0.4298,0.5158,0.8125,0.4675,0.4278,0.1632,0.1400,1.0167
7/10/2020,0.5767,0.4923,0.5500,0.8622,0.5950,0.3889,0.1809,0.1425,0.5444
7/11/2020,1.1050,0.5160,0.6117,0.9222,0.6394,0.6500,0.2319,0.2219,0.4944
7/12/2020,,,,,,,,,
7/13/2020,0.5633,0.4400,0.5367,1.4031,0.6904,0.6944,0.1784,0.1394,0.8667
7/14/2020,0.5683,0.3975,0.5225,1.3756,0.5696,0.4333,0.2338,0.1750,0.5889
7/15/2020,0.9150,0.3705,0.5542,1.5997,0.7433,1.4778,0.2308,0.2169,0.9944
7/16/2020,0.7450,0.4450,0.5283,1.3578,0.6650,0.7389,0.1340,0.2825,3.4944
7/17/2020,1.2150,0.4030,0.5917,1.4931,0.6650,1.0444,0.2251,0.1831,0.8944
7/18/2020,0.7483,0.2690,0.5858,1.2763,0.5673,1.0000,0.2111,0.1475,0.9000
7/19/2020,,,,,,,,,
7/20/2020,,,,,,,,,
7/21/2020,,,,,,,,,
7/22/2020,,,,,,,,,
7/23/2020,,,,,,,,,
7/24/2020,,,,,,,,,
7/25/2020,,,,,,,,,
7/26/2020,,,,,,,,,
7/27/2020,,,,,,,,,
7/28/2020,,,,,,,,,
7/29/2020,,,,,,,,,
7/30/2020,,,,,,,,,
7/31/2020,,,,,,,,,
8/1/2020,0.8,0.4,0.5,0.7,0.4,1.0,0.2,0.3,0.7
8/2/2020,,,,,,,,,
8/3/2020,0.9283,0.5405,0.5033,1.1216,0.6881,1.0333,0.2976,0.2831,1.6889
8/4/2020,0.8183,0.5625,0.3925,1.1141,0.3233,1.1278,0.2448,0.3219,1.2000
8/5/2020,0.7567,0.5767,0.4075,1.0734,0.3323,1.0056,0.2864,0.3262,1.4944
8/6/2020,0.7583,0.3195,0.4317,1.4116,0.4960,1.2944,0.2668,0.3844,1.2889
8/7/2020,0.8700,0.3902,0.5508,1.3212,0.6902,0.6333,0.0804,0.2550,1.6944
8/8/2020,0.6400,0.5090,0.4892,1.3038,0.4388,0.8500,0.0674,0.1706,1.4944
8/9/2020,,,,,,,,,
8/10/2020,0.9233,0.5685,0.4558,1.6659,0.6046,1.6833,0.1921,0.4162,1.4889
8/11/2020,0.9250,0.2135,0.4883,0.8784,0.5271,1.3833,0.1541,0.3375,1.6389
8/12/2020,1.0317,0.4805,0.4883,0.8884,0.3737,1.1389,0.1060,0.2581,1.1778
8/13/2020,0.9783,0.6850,0.3725,0.6381,0.3162,1.2000,0.1781,0.1112,1.5333
8/14/2020,1.0900,0.5635,0.4258,1.4556,0.7190,0.8000,0.1062,0.4956,1.2333
8/15/2020,1.0950,0.4802,0.5200,1.2681,0.6142,0.5611,0.1016,0.6025,1.6778
8/16/2020,,,,,,,,,
8/17/2020,,,,,,,,,
8/18/2020,,,,,,,,,
8/19/2020,,,,,,,,,
8/20/2020,,,,,,,,,
8/21/2020,,,,,,,,,
8/22/2020,,,,,,,,,
8/23/2020,,,,,,,,,
8/24/2020,,,,,,,,,
8/25/2020,,,,,,,,,
8/26/2020,,,,,,,,,
8/27/2020,,,,,,,,,
8/28/2020,,,,,,,,,
8/29/2020,,,,,,,,,
8/30/2020,,,,,,,,,
8/31/2020,,,,,,,,,
9/1/2020,,,,,,,,,
9/2/2020,,,,,,,,,
9/3/2020,,,,,,,,,
9/4/2020,,,,,,,,,
9/5/2020,,,,,,,,,
9/6/2020,,,,,,,,,
9/7/2020,0.5817,0.6290,0.5300,0.9462,0.6781,0.7611,0.1421,0.2556,1.5111
9/8/2020,0.8350,0.4210,0.5283,0.9591,0.9902,0.8667,0.1677,0.3450,1.6167
9/9/2020,0.7333,0.1927,0.4917,1.1100,0.7413,0.6167,0.1281,0.3494,1.8778
9/10/2020,0.6250,0.5320,0.5100,0.7928,0.6433,0.5222,0.1417,0.3181,1.9000
9/11/2020,0.5083,0.3645,0.4758,1.2619,0.7381,0.6611,0.1400,0.3206,1.3944
9/12/2020,0.6767,0.5160,0.4742,1.3278,0.7883,0.8556,0.1042,0.2619,1.3000
9/13/2020,,,,,,,,,
9/14/2020,0.6783,0.5027,0.5308,1.2684,0.7367,0.9222,0.0991,0.3012,1.5833
9/15/2020,0.7283,0.2858,0.6792,0.9344,0.6000,0.8389,0.0627,0.2525,2.0722
9/16/2020,0.8517,0.5000,0.5858,1.6856,0.6715,0.7333,0.1778,0.3500,1.1667
9/17/2020,0.8483,0.5400,0.4500,1.0241,0.8492,0.5000,0.0706,0.5306,1.0111
9/18/2020,0.7767,0.3995,0.4400,1.2319,0.7181,0.4778,0.1481,0.2569,0.6722
9/19/2020,0.8300,0.2982,0.4275,1.1284,0.5931,0.4333,0.3140,0.2537,0.6111
9/20/2020,,,,,,,,,
9/21/2020,,,,,,,,,
9/22/2020,,,,,,,,,
9/23/2020,,,,,,,,,
9/24/2020,,,,,,,,,
9/25/2020,,,,,,,,,
9/26/2020,,,,,,,,,
9/27/2020,,,,,,,,,
9/28/2020,0.8883,0.3012,0.4300,0.5469,0.3600,0.9278,0.2947,0.1569,0.6167
9/29/2020,0.3933,0.4300,0.3733,0.9337,0.4896,0.6611,0.2421,0.2331,1.0111
9/30/2020,0.5117,0.2602,0.4017,0.6966,0.4981,0.6944,0.3500,0.1894,0.7278
10/1/2020,0.4533,0.5238,0.4042,0.7197,0.4831,0.5889,0.0732,0.1494,1.4556
10/2/2020,0.5650,0.4367,0.4083,1.1959,0.5819,0.3611,0.1365,0.1862,0.9667
10/3/2020,0.4533,0.3740,0.4142,1.0247,0.5288,0.4667,0.1438,0.1925,0.7778
10/4/2020,,,,,,,,,
10/5/2020,0.4567,0.2910,0.4333,1.0747,0.6623,0.6722,0.2603,0.1806,0.7333
10/6/2020,0.6817,0.2823,0.4650,1.1466,0.6081,0.7889,0.2013,0.2006,0.6722
10/7/2020,0.5683,0.3970,0.5100,0.9784,0.6381,0.8944,0.1858,0.2350,0.5667
10/8/2020,0.4500,0.3075,0.5542,1.1028,0.5208,0.6667,0.2146,0.2612,0.4611
10/9/2020,0.6750,0.2902,0.5283,0.9353,0.5608,1.0944,0.2092,0.2531,0.5556
10/10/2020,0.7283,0.3035,0.4350,0.9853,0.5267,0.9333,0.1926,0.2738,0.5611
10/11/2020,,,,,,,,,
10/12/2020,0.7317,0.1925,0.5333,1.0700,0.5237,0.7333,0.1730,0.2262,0.4667
10/13/2020,0.5150,0.2870,0.4258,0.9800,0.5902,0.6889,0.1601,0.0694,1.1444
10/14/2020,,,,,,,,,
10/15/2020,0.3917,0.2975,0.4383,0.8394,0.3817,0.3778,0.2229,0.3619,0.6056
10/16/2020,0.2217,0.3370,0.4525,0.8928,0.5858,0.3778,0.1904,0.3506,0.6111
10/17/2020,0.2767,0.2952,0.4450,1.2319,0.4258,0.2833,0.1802,0.3312,0.7056
10/18/2020,,,,,,,,,
10/19/2020,0.4333,0.3015,0.4600,1.2456,0.6248,0.6778,0.2314,0.1588,0.6500
10/20/2020,0.5950,0.3113,0.5617,1.3100,0.6052,0.6667,0.2062,0.2562,1.0333
10/21/2020,0.5450,0.3702,0.4708,1.0688,0.7252,0.3500,0.2225,0.2888,0.6500
10/22/2020,0.9883,0.4015,0.8392,1.1681,0.5250,1.0167,0.2370,0.1469,0.5056
10/23/2020,0.8783,0.4295,0.7450,1.2481,0.5825,0.6278,0.2445,0.2738,0.6056
10/24/2020,1.2850,0.4402,0.5417,1.0394,0.6094,0.6944,0.2309,0.2850,0.6611
10/25/2020,,,,,,,,,
10/26/2020,,,,,,,,,
10/27/2020,,,,,,,,,
10/28/2020,,,,,,,,,
10/29/2020,,,,,,,,,
10/30/2020,,,,,,,,,
10/31/2020,,,,,,,,,
11/1/2020,,,,,,,,,
11/2/2020,,,,,,,,,
11/3/2020,,,,,,,,,
11/4/2020,,,,,,,,,
11/5/2020,,,,,,,,,
11/6/2020,,,,,,,,,
11/7/2020,,,,,,,,,
11/8/2020,,,,,,,,,
11/9/2020,,,,,,,,,
11/10/2020,,,,,,,,,
11/11/2020,,,,,,,,,
11/12/2020,,,,,,,,,
11/13/2020,,,,,,,,,
11/14/2020,,,,,,,,,
11/15/2020,,,,,,,,,
11/16/2020,,,,,,,,,
11/17/2020,,,,,,,,,
11/18/2020,,,,,,,,,
11/19/2020,,,,,,,,,
11/20/2020,,,,,,,,,
11/21/2020,,,,,,,,,
11/22/2020,,,,,,,,,
11/23/2020,,,,,,,,,
11/24/2020,,,,,,,,,
11/25/2020,,,,,,,,,
11/26/2020,,,,,,,,,
11/27/2020,,,,,,,,,
11/28/2020,,,,,,,,,
11/29/2020,,,,,,,,,
11/30/2020,,,,,,,,,
12/1/2020,,,,,,,,,
12/2/2020,,,,,,,,,
12/3/2020,,,,,,,,,
12/4/2020,,,,,,,,,
12/5/2020,,,,,,,,,
12/6/2020,,,,,,,,,
12/7/2020,,,,,,,,,
12/8/2020,,,,,,,,,
12/9/2020,,,,,,,,,
12/10/2020,,,,,,,,,
12/11/2020,,,,,,,,,
12/12/2020,,,,,,,,,
12/13/2020,,,,,,,,,
12/14/2020,,,,,,,,,
12/15/2020,,,,,,,,,
12/16/2020,,,,,,,,,
12/17/2020,,,,,,,,,
12/18/2020,,,,,,,,,
12/19/2020,,,,,,,,,
12/20/2020,,,,,,,,,
12/21/2020,,,,,,,,,
12/22/2020,,,,,,,,,
12/23/2020,,,,,,,,,
12/24/2020,,,,,,,,,
12/25/2020,,,,,,,,,
12/26/2020,,,,,,,,,
12/27/2020,,,,,,,,,
12/28/2020,,,,,,,,,
12/29/2020,,,,,,,,,
12/30/2020,,,,,,,,,
12/31/2020,,,,,,,,,
1/1/2021,,,,,,,,,
1/2/2021,,,,,,,,,
1/3/2021,,,,,,,,,
1/4/2021,,,,,,,,,
1/5/2021,,,,,,,,,
1/6/2021,,,,,,,,,
1/7/2021,,,,,,,,,
1/8/2021,,,,,,,,,
1/9/2021,,,,,,,,,
1/10/2021,,,,,,,,,
1/11/2021,,,,,,,,,
1/12/2021,,,,,,,,,
1/13/2021,,,,,,,,,
1/14/2021,,,,,,,,,
1/15/2021,,,,,,,,,
1/16/2021,,,,,,,,,
1/17/2021,,,,,,,,,
1/18/2021,,,,,,,,,
1/19/2021,,,,,,,,,
1/20/2021,,,,,,,,,
1/21/2021,,,,,,,,,
1/22/2021,,,,,,,,,
1/23/2021,,,,,,,,,
1/24/2021,,,,,,,,,
1/25/2021,,,,,,,,,
1/26/2021,,,,,,,,,
1/27/2021,,,,,,,,,
1/28/2021,,,,,,,,,
1/29/2021,,,,,,,,,
1/30/2021,,,,,,,,,
1/31/2021,,,,,,,,,
2/1/2021,,,,,,,,,
2/2/2021,,,,,,,,,
2/3/2021,,,,,,,,,
2/4/2021,,,,,,,,,
2/5/2021,,,,,,,,,
2/6/2021,,,,,,,,,
2/7/2021,,,,,,,,,
2/8/2021,,,,,,,,,
2/9/2021,,,,,,,,,
2/10/2021,,,,,,,,,
2/11/2021,,,,,,,,,
2/12/2021,,,,,,,,,
2/13/2021,,,,,,,,,
2/14/2021,,,,,,,,,
2/15/2021,,,,,,,,,
2/16/2021,,,,,,,,,
2/17/2021,,,,,,,,,
2/18/2021,,,,,,,,,
2/19/2021,,,,,,,,,
2/20/2021,,,,,,,,,
2/21/2021,,,,,,,,,
2/22/2021,,,,,,,,,
2/23/2021,,,,,,,,,
2/24/2021,,,,,,,,,
2/25/2021,,,,,,,,,
2/26/2021,,,,,,,,,
2/27/2021,,,,,,,,,
2/28/2021,,,,,,,,,
3/1/2021,,,,,,,,,
3/2/2021,,,,,,,,,
3/3/2021,,,,,,,,,
3/4/2021,,,,,,,,,
3/5/2021,,,,,,,,,
3/6/2021,,,,,,,,,
3/7/2021,,,,,,,,,
3/8/2021,,,,,,,,,
3/9/2021,,,,,,,,,
3/10/2021,,,,,,,,,
3/11/2021,,,,,,,,,
3/12/2021,,,,,,,,,
3/13/2021,,,,,,,,,
3/14/2021,,,,,,,,,
3/15/2021,,,,,,,,,
3/16/2021,,,,,,,,,
3/17/2021,,,,,,,,,
3/18/2021,,,,,,,,,
3/19/2021,,,,,,,,,
3/20/2021,,,,,,,,,
3/21/2021,,,,,,,,,
3/22/2021,,,,,,,,,
3/23/2021,,,,,,,,,
3/24/2021,,,,,,,,,
3/25/2021,,,,,,,,,
3/26/2021,,,,,,,,,
3/27/2021,,,,,,,,,
3/28/2021,,,,,,,,,
3/29/2021,,,,,,,,,
3/30/2021,,,,,,,,,
3/31/2021,,,,,,,,,
4/1/2021,,,,,,,,,
4/2/2021,,,,,,,,,
4/3/2021,,,,,,,,,
4/4/2021,,,,,,,,,
4/5/2021,,,,,,,,,
4/6/2021,,,,,,,,,
4/7/2021,,,,,,,,,
4/8/2021,,,,,,,,,
4/9/2021,,,,,,,,,
4/10/2021,,,,,,,,,
4/11/2021,,,,,,,,,
4/12/2021,0.6567,0.5345,0.6950,0.8322,0.7271,0.6000,0.2249,0.2594,0.7889
4/13/2021,0.3850,0.3002,0.6600,1.8834,1.0058,0.9000,0.2396,0.1931,1.1833
4/14/2021,0.5517,0.5990,0.6558,1.0306,0.6815,0.6833,0.1624,0.2725,0.9611
4/15/2021,0.4333,0.4977,0.5267,0.7806,0.6285,0.8444,0.1078,0.3219,0.8667
4/16/2021,0.6017,0.5998,0.4542,0.7741,0.5502,0.7611,0.2105,0.2619,0.9889
4/17/2021,0.6517,0.6498,0.4842,1.0244,0.5871,0.7278,0.2005,0.2750,1.3222
4/18/2021,,,,,,,,,
4/19/2021,0.3883,0.6305,0.5983,1.1831,0.7208,0.6667,0.1121,0.1606,1.9444
4/20/2021,0.2767,0.3993,0.5750,0.6697,0.4560,0.6333,0.1790,0.1331,1.3056
4/21/2021,0.3883,0.4740,0.6058,0.9809,0.5979,0.7389,0.1506,0.2806,1.6889
4/22/2021,0.3300,0.5350,0.5933,1.1750,0.7092,0.5000,0.1985,0.2719,1.0833
4/23/2021,0.4400,0.5868,0.5508,1.8475,0.7827,0.5833,0.2115,0.1519,1.3722
4/24/2021,0.3817,0.2872,0.5042,1.1491,0.6275,0.7611,0.2121,0.1700,1.6944
4/25/2021,,,,,,,,,
4/26/2021,0.4900,0.3990,0.4867,0.6562,0.5204,0.7611,0.1819,0.1381,1.4500
4/27/2021,0.3817,0.4155,0.4983,0.8728,0.4290,0.7222,0.1774,0.1381,0.7889
4/28/2021,0.5483,0.4882,0.5567,1.1581,0.5877,0.6056,0.1779,0.0994,1.3389
4/29/2021,0.4417,0.5465,0.4933,0.9725,0.5383,0.7667,0.2007,0.0869,1.3111
4/30/2021,0.5550,0.5322,0.5100,1.3238,0.6988,0.5889,0.1880,0.0738,0.9333
5/1/2021,,,,,,,,,
5/2/2021,,,,,,,,,
5/3/2021,,,,,,,,,
5/4/2021,,,,,,,,,
5/5/2021,0.6283,0.5872,0.3842,1.3106,0.7660,0.8167,0.1890,0.1094,1.3111
5/6/2021,0.5667,0.5515,0.4725,1.3416,0.7373,0.5944,0.1460,0.1494,1.2111
5/7/2021,0.6217,0.5810,0.4008,1.0072,0.7756,0.6167,0.2605,0.1569,1.4722
5/8/2021,0.6183,0.5895,0.3692,1.1631,0.6623,0.4944,0.1751,0.1225,0.8167
5/9/2021,,,,,,,,,
5/10/2021,,,,,,,,,
5/11/2021,0.3400,0.4495,0.6125,0.7525,0.6708,0.8167,0.2502,0.1900,1.0333
5/12/2021,0.5100,0.5488,0.6658,0.9031,0.5683,0.6167,0.1959,0.3750,0.9056
5/13/2021,0.6183,0.5882,0.6375,1.1356,0.6187,0.7000,0.1806,0.1969,0.7778
5/14/2021,0.5100,0.5872,0.6583,0.7722,0.6985,0.5000,0.1966,0.2394,0.8167
5/15/2021,0.6783,0.5565,0.6525,0.8938,0.5323,0.6389,0.2558,0.2319,0.7778
5/16/2021,,,,,,,,,
5/17/2021,0.4000,0.4868,0.6133,1.4284,0.7685,1.1000,0.2775,0.2744,1.0389
5/18/2021,0.5150,0.4758,0.6383,1.5300,0.8344,0.8056,0.2231,0.2062,0.7000
5/19/2021,0.5667,0.5455,0.6017,1.4628,0.7794,0.8556,0.2460,0.2050,0.9056
5/20/2021,0.6783,0.5745,0.6242,0.8887,0.7642,0.6167,0.2199,0.2575,0.9500
5/21/2021,0.8483,0.6015,0.6108,0.7772,0.5833,0.7278,0.1884,0.2862,1.0278
5/22/2021,0.6217,0.5455,0.6500,1.3541,0.7354,0.6056,0.1970,0.2794,0.7833
5/23/2021,,,,,,,,,
5/24/2021,0.5050,0.5695,0.6750,1.0266,0.5929,0.6667,0.2271,0.1837,0.9889
5/25/2021,0.5117,0.5960,0.6442,0.9291,0.5765,0.7278,0.1892,0.1781,0.9944
5/26/2021,0.4500,0.5380,0.6217,1.3291,0.7452,0.8667,0.2000,0.1900,0.6444
5/27/2021,0.3983,0.5605,0.7158,1.2369,0.9498,0.8000,0.2374,0.2606,0.8667
5/28/2021,0.5083,0.5395,0.7225,0.8819,0.5340,0.6000,0.2329,0.2788,1.1556
5/29/2021,0.4517,0.5255,0.6625,0.9944,0.5715,0.6944,0.2371,0.2300,0.3889
5/30/2021,,,,,,,,,
5/31/2021,0.3883,0.5610,0.5967,0.8791,0.4052,0.8667,0.2325,0.2288,0.9333
6/1/2021,0.6133,0.5407,0.6017,1.0731,0.6077,0.6944,0.2420,0.1950,0.7667
6/2/2021,0.4467,0.5945,0.6225,0.8322,0.5671,1.0222,0.2574,0.2494,1.0611
6/3/2021,0.4533,0.5132,0.6075,0.9291,0.4615,0.7889,0.2644,0.2575,0.6500
6/4/2021,1.0767,0.6480,0.6400,1.5222,0.8010,0.6222,0.2188,0.1981,0.5167
6/5/2021,1.0217,0.5800,0.6375,1.3553,0.7610,0.5611,0.1992,0.1369,0.6500
6/6/2021,,,,,,,,,
6/7/2021,0.6800,0.5028,0.6817,0.8669,0.4823,0.5667,0.2422,0.1238,1.1222
6/8/2021,0.4567,0.4970,0.6683,0.7047,0.4596,0.5722,0.2662,0.5306,0.9667
6/9/2021,0.7433,0.4972,0.6983,1.0600,0.6202,0.5278,0.1858,0.3587,0.5667
6/10/2021,0.6817,0.5057,0.7775,0.8325,0.4679,0.7278,0.1868,0.2394,0.5667
6/11/2021,1.0283,0.5365,0.6925,1.0072,0.5398,0.6222,0.2102,0.2681,0.6889
6/12/2021,0.6333,0.5907,0.7250,0.9475,0.5221,0.5722,0.2320,0.1938,0.7889
6/13/2021,,,,,,,,,
6/14/2021,,,,,,,,,
6/15/2021,,,,,,,,,
6/16/2021,,,,,,,,,
6/17/2021,,,,,,,,,
6/18/2021,,,,,,,,,
6/19/2021,,,,,,,,,
6/20/2021,,,,,,,,,
6/21/2021,,,,,,,,,
6/22/2021,,,,,,,,,
6/23/2021,,,,,,,,,
6/24/2021,,,,,,,,,
6/25/2021,,,,,,,,,
6/26/2021,,,,,,,,,
6/27/2021,,,,,,,,,
6/28/2021,,,,,,,,,
6/29/2021,,,,,,,,,
6/30/2021,,,,,,,,,
7/1/2021,,,,,,,,,
7/2/2021,,,,,,,,,
7/3/2021,,,,,,,,,
7/4/2021,,,,,,,,,
7/5/2021,,,,,,,,,
7/6/2021,,,,,,,,,
7/7/2021,,,,,,,,,
7/8/2021,,,,,,,,,
7/9/2021,,,,,,,,,
7/10/2021,,,,,,,,,
7/11/2021,,,,,,,,,
7/12/2021,,,,,,,,,
7/13/2021,,,,,,,,,
7/14/2021,,,,,,,,,
7/15/2021,,,,,,,,,
7/16/2021,,,,,,,,,
7/17/2021,,,,,,,,,
7/18/2021,,,,,,,,,
7/19/2021,0.4583,0.3942,0.7150,1.2638,0.6662,0.4889,0.1340,0.2013,1.4444
7/20/2021,0.2900,0.2310,0.7942,0.9506,0.4883,0.4667,0.1324,0.1956,1.5056
7/21/2021,0.2850,0.2185,0.4050,0.8538,0.5844,0.4500,0.1555,0.1994,0.8667
7/22/2021,0.4050,0.3952,0.5717,0.7991,0.6312,0.2611,0.1909,0.2800,1.5944
7/23/2021,0.3450,0.3168,0.6600,1.0678,0.6425,0.3389,0.1565,0.1594,0.9333
7/24/2021,0.4033,0.3977,0.6117,1.1469,0.7210,0.5889,0.2055,0.1112,1.0611
7/25/2021,,,,,,,,,
7/26/2021,,,,,,,,,
7/27/2021,,,,,,,,,
7/28/2021,,,,,,,,,
7/29/2021,,,,,,,,,
7/30/2021,,,,,,,,,
7/31/2021,,,,,,,,,
8/1/2021,,,,,,,,,
8/2/2021,,,,,,,,,
8/3/2021,,,,,,,,,
8/4/2021,,,,,,,,,
8/5/2021,,,,,,,,,
8/6/2021,,,,,,,,,
8/7/2021,,,,,,,,,
8/8/2021,,,,,,,,,
8/9/2021,,,,,,,,,
8/10/2021,,,,,,,,,
8/11/2021,,,,,,,,,
8/12/2021,,,,,,,,,
8/13/2021,,,,,,,,,
8/14/2021,,,,,,,,,
8/15/2021,,,,,,,,,
8/16/2021,0.6400,0.5237,1.0583,1.0281,0.5081,0.5389,0.1730,0.2463,0.6611
8/17/2021,0.6317,0.5118,0.8025,1.1222,0.5440,0.5889,0.2455,0.2144,0.9056
8/18/2021,0.9650,0.5585,0.7500,0.7966,0.4525,0.6000,0.2644,0.1850,1.0667
8/19/2021,0.5083,0.5552,0.7133,0.8484,0.5094,0.4056,0.2699,0.2306,0.6333
8/20/2021,0.3983,0.4888,0.6925,1.1316,0.5800,0.4222,0.1201,0.1981,1.2722
8/21/2021,0.4000,0.5490,0.6483,1.1034,0.5679,1.0111,0.1400,0.1438,0.6500
8/22/2021,,,,,,,,,
8/23/2021,,,,,,,,,
8/24/2021,,,,,,,,,
8/25/2021,0.6200,0.5778,0.8183,1.1397,0.5854,0.7722,0.1665,0.2031,0.4222
8/26/2021,0.7350,0.5815,0.8233,1.2056,0.5608,0.3944,0.2279,0.1500,0.7167
8/27/2021,1.1383,0.5688,0.8083,1.0700,0.5138,0.6278,0.3109,0.1438,0.5556
8/28/2021,0.9633,0.5650,0.8858,0.9431,0.5148,0.6667,0.2156,0.1975,0.5111
8/29/2021,,,,,,,,,
8/30/2021,0.9133,0.5702,0.8283,1.0838,0.5910,0.5389,0.2150,0.1444,1.1222
8/31/2021,0.7933,0.6182,0.9150,1.2084,0.6335,0.3722,0.1145,0.2188,1.4056
9/1/2021,0.6783,0.5748,0.7792,0.8797,0.5692,0.4833,0.2305,0.1912,0.5556
9/2/2021,0.7800,0.5490,0.7300,1.0169,0.5771,0.4611,0.2409,0.2150,0.9167
9/3/2021,1.0533,0.5478,0.7342,1.3525,0.6556,0.4667,0.2334,0.2012,0.5444
9/4/2021,0.8967,0.5475,0.7575,1.0734,0.5458,0.4667,0.1970,0.1488,0.5889
9/5/2021,,,,,,,,,
9/6/2021,0.8667,0.5342,0.7642,0.9875,0.4323,0.4167,0.2625,0.1408,0.6222
9/7/2021,0.8300,0.5775,0.5675,0.7928,0.4746,0.5333,0.2669,0.0669,0.8333
9/8/2021,0.9983,0.5470,0.6967,0.8769,0.4671,0.4722,0.2136,0.0469,0.5444
9/9/2021,1.3867,0.5650,0.6475,1.1703,0.6152,0.7056,0.2291,0.1556,0.5500
9/10/2021,1.0000,0.5670,0.6717,0.9728,0.5540,0.5778,0.2910,0.2169,1.1000
9/11/2021,1.6783,0.6172,0.7483,1.1159,0.5356,0.5889,0.2114,0.1808,0.6333
9/12/2021,,,,,,,,,
9/13/2021,1.1200,0.5530,0.6958,1.3347,0.6240,0.4611,0.2776,0.2550,0.7667
9/14/2021,0.7333,0.5758,0.7408,1.3581,0.6594,0.8444,0.2789,0.2188,0.4667
9/15/2021,1.1200,0.5540,0.8275,1.2469,0.6708,0.8722,0.2216,0.2375,0.6722
9/16/2021,0.8417,0.5727,0.9217,1.4794,0.7810,0.6722,0.2009,0.1906,0.9444
9/17/2021,0.3383,0.5407,0.8183,1.4781,0.7331,0.7833,0.1909,0.1656,1.4111
9/18/2021,0.3367,0.5745,0.7783,1.4488,0.7165,0.8444,0.2259,0.2325,1.0278
9/19/2021,,,,,,,,,
9/20/2021,0.8250,0.6590,0.6767,1.0150,0.5431,0.9333,0.2661,0.2725,0.7000
9/21/2021,0.4917,0.5768,0.5983,1.1075,0.5821,0.7167,0.2172,0.2175,0.5278
9/22/2021,0.7100,0.6070,0.6167,1.1588,0.7250,0.9333,0.2551,0.1788,0.4889
9/23/2021,0.6600,0.6617,0.6217,1.0594,0.6237,0.9833,0.2162,0.1994,0.5389
9/24/2021,0.6167,0.5885,0.8342,1.0081,0.5169,0.8056,0.1639,0.3044,0.6333
9/25/2021,0.6650,0.5970,0.8492,1.2275,0.6471,0.9389,0.2027,0.2212,0.9667
9/26/2021,,,,,,,,,
9/27/2021,0.6600,0.5508,0.8775,1.3675,0.7292,0.9500,0.1924,0.1712,0.6944
9/28/2021,0.7600,0.4747,0.8175,1.0516,0.5544,0.9056,0.1826,0.1906,0.6111
9/29/2021,0.8167,0.5608,0.7883,0.9166,0.4825,0.5778,0.2498,0.2238,0.6556
9/30/2021,0.7067,0.5725,0.7692,0.7684,0.4621,0.5778,0.2816,0.1513,0.9444
10/1/2021,0.7617,0.5530,0.8217,0.8309,0.6604,0.9333,0.2219,0.2156,0.4889
10/2/2021,0.7033,0.5697,0.7317,1.0031,0.6369,1.3000,0.1703,0.2156,0.5278
10/3/2021,,,,,,,,,
10/4/2021,0.8200,0.5077,0.5758,1.1666,0.6119,0.6389,0.1877,0.2175,0.6111
10/5/2021,0.4917,0.5212,0.5317,1.2416,0.6027,0.6389,0.1730,0.2037,0.7778
10/6/2021,0.4367,0.5822,0.5508,1.1500,0.5829,0.5722,0.1609,0.1912,0.6167
10/7/2021,0.3750,0.5268,0.5583,0.9606,0.5171,0.5389,0.1746,0.1938,0.6889
10/8/2021,0.5333,0.4920,0.5050,1.0237,0.5175,0.5722,0.1992,0.2200,0.6444
10/9/2021,0.4800,0.5780,0.5558,0.8362,0.4694,0.5889,0.1700,0.1744,0.5611
10/10/2021,,,,,,,,,
10/11/2021,1.0300,0.6022,0.6042,0.9009,0.5467,0.5333,0.1841,0.1844,0.4889
10/12/2021,0.8217,0.5320,0.6042,0.9462,0.5473,0.6389,0.2138,0.2194,0.4500
10/13/2021,0.5450,0.5053,0.5700,1.0587,0.5917,0.4944,0.2447,0.2044,0.7556
10/14/2021,,,,,,,,,
10/15/2021,,,,,,,,,
10/16/2021,0.9767,0.5685,0.6608,1.2072,0.6219,0.5611,0.2352,0.1688,0.6833
10/17/2021,,,,,,,,,
10/18/2021,0.7600,0.5942,0.6183,1.1819,0.6552,0.5333,0.2442,0.1756,0.6111
10/19/2021,0.6517,0.6010,0.5800,1.2337,0.6294,0.4833,0.2779,0.2425,0.9333
10/20/2021,0.7100,0.6035,0.5608,1.0816,0.4738,0.5833,0.2415,0.1994,0.5000
10/21/2021,0.7333,0.6082,0.5300,0.9034,0.4615,0.4111,0.1876,0.2431,0.7167
10/22/2021,0.7783,0.5410,0.5758,0.7438,0.4165,0.6722,0.2031,0.1894,0.6333
10/23/2021,0.6567,0.5390,0.5392,1.2050,0.5596,0.4278,0.1599,0.1456,0.4500
10/24/2021,,,,,,,,,
10/25/2021,,,,,,,,,
10/26/2021,,,,,,,,,
10/27/2021,,,,,,,,,
10/28/2021,,,,,,,,,
10/29/2021,,,,,,,,,
10/30/2021,,,,,,,,,
10/31/2021,,,,,,,,,
11/1/2021,0.5433,0.5598,0.5325,1.2172,0.6121,0.5778,0.2079,0.2044,0.8222
11/2/2021,0.7200,0.4642,0.5617,1.2288,0.6188,1.1444,0.2458,0.2006,0.7889
11/3/2021,0.8817,0.4428,0.5425,0.7750,0.4602,0.5500,0.1869,0.2406,0.9556
11/4/2021,0.3883,0.5512,0.4733,0.6750,0.4037,0.6611,0.1596,0.2081,0.8389
11/5/2021,0.6100,0.5270,0.5067,0.7641,0.5921,1.2667,0.1411,0.2019,0.7944
11/6/2021,0.5383,0.5247,0.4342,0.9712,0.5906,0.9833,0.1755,0.1637,0.7333
11/7/2021,,,,,,,,,
11/8/2021,,,,,,,,,
11/9/2021,,,,,,,,,
11/10/2021,,,,,,,,,
11/11/2021,,,,,,,,,
11/12/2021,,,,,,,,,
11/13/2021,,,,,,,,,
11/14/2021,,,,,,,,,
11/15/2021,0.5917,0.5772,0.5425,1.3278,0.9956,0.5556,0.1526,0.1894,0.7722
11/16/2021,0.4750,0.5785,0.4892,1.0259,0.5604,0.4667,0.0791,0.1662,1.0389
11/17/2021,0.4250,0.5187,0.4733,0.9287,0.5060,0.5000,0.0845,0.2331,0.6444
11/18/2021,0.3233,0.5432,0.4883,0.8756,0.4915,0.4333,0.1551,0.1825,0.5722
11/19/2021,0.4383,0.5255,0.4533,1.0184,0.5373,0.4667,0.1044,0.2175,0.5333
11/20/2021,0.6067,0.6005,0.4733,1.0481,0.5688,0.4944,0.1310,0.2138,0.4167
11/21/2021,,,,,,,,,
11/22/2021,0.4367,0.5967,0.4942,0.8609,0.5098,0.5111,0.2701,0.3806,0.4889
11/23/2021,0.3200,0.5050,0.5158,0.8991,0.4842,0.6500,0.1944,0.3950,0.8000
11/24/2021,0.7517,0.5470,0.4717,0.9306,0.5413,0.8222,0.1515,0.3681,0.5722
11/25/2021,0.4800,0.5205,0.4683,1.0403,0.5519,0.7278,0.1609,0.2269,0.4778
11/26/2021,0.5417,0.4930,0.4508,1.2644,0.6579,0.5444,0.1371,0.1794,0.7833
11/27/2021,0.3867,0.5452,0.5650,1.3075,0.6777,0.8111,0.1381,0.1744,0.6222
11/28/2021,,,,,,,,,
11/29/2021,,,,,,,,,
11/30/2021,,,,,,,,,
12/1/2021,0.4900,0.4888,0.4117,0.9375,0.5812,0.4056,0.1360,0.1644,0.7778
12/2/2021,0.6067,0.4897,0.4625,0.8128,0.4556,0.6611,0.1441,0.2525,0.5722
12/3/2021,0.3783,0.5102,0.4150,0.9966,0.5452,0.6167,0.1409,0.1788,0.6944
12/4/2021,0.9017,0.5425,0.3675,1.0612,0.5665,0.4500,0.1364,0.2381,0.9056
12/5/2021,,,,,,,,,
12/6/2021,,,,,,,,,
12/7/2021,,,,,,,,,
12/8/2021,,,,,,,,,
12/9/2021,,,,,,,,,
12/10/2021,,,,,,,,,
12/11/2021,,,,,,,,,
12/12/2021,,,,,,,,,
12/13/2021,,,,,,,,,
12/14/2021,,,,,,,,,
12/15/2021,,,,,,,,,
12/16/2021,,,,,,,,,
12/17/2021,,,,,,,,,
12/18/2021,,,,,,,,,
12/19/2021,,,,,,,,,
12/20/2021,,,,,,,,,
12/21/2021,,,,,,,,,
12/22/2021,,,,,,,,,
12/23/2021,,,,,,,,,
12/24/2021,,,,,,,,,
12/25/2021,,,,,,,,,
12/26/2021,,,,,,,,,
12/27/2021,,,,,,,,,
12/28/2021,,,,,,,,,
12/29/2021,,,,,,,,,
12/30/2021,,,,,,,,,
12/31/2021,,,,,,,,,
1/1/2022,,,,,,,,,
1/2/2022,,,,,,,,,
1/3/2022,,,,,,,,,
1/4/2022,,,,,,,,,
1/5/2022,,,,,,,,,
1/6/2022,,,,,,,,,
1/7/2022,,,,,,,,,
1/8/2022,,,,,,,,,
1/9/2022,,,,,,,,,
1/10/2022,,,,,,,,,
1/11/2022,,,,,,,,,
1/12/2022,,,,,,,,,
1/13/2022,,,,,,,,,
1/14/2022,,,,,,,,,
1/15/2022,,,,,,,,,
1/16/2022,,,,,,,,,
1/17/2022,,,,,,,,,
1/18/2022,,,,,,,,,
1/19/2022,,,,,,,,,
1/20/2022,,,,,,,,,
1/21/2022,,,,,,,,,
1/22/2022,,,,,,,,,
1/23/2022,,,,,,,,,
1/24/2022,,,,,,,,,
1/25/2022,,,,,,,,,
1/26/2022,,,,,,,,,
1/27/2022,,,,,,,,,
1/28/2022,,,,,,,,,
1/29/2022,,,,,,,,,
1/30/2022,,,,,,,,,
1/31/2022,,,,,,,,,
2/1/2022,,,,,,,,,
2/2/2022,,,,,,,,,
2/3/2022,,,,,,,,,
2/4/2022,,,,,,,,,
2/5/2022,,,,,,,,,
2/6/2022,,,,,,,,,
2/7/2022,,,,,,,,,
2/8/2022,,,,,,,,,
2/9/2022,,,,,,,,,
2/10/2022,,,,,,,,,
2/11/2022,,,,,,,,,
2/12/2022,,,,,,,,,
2/13/2022,,,,,,,,,
2/14/2022,,,,,,,,,
2/15/2022,,,,,,,,,
2/16/2022,,,,,,,,,
2/17/2022,,,,,,,,,
2/18/2022,,,,,,,,,
2/19/2022,,,,,,,,,
2/20/2022,,,,,,,,,
2/21/2022,,,,,,,,,
2/22/2022,,,,,,,,,
2/23/2022,,,,,,,,,
2/24/2022,,,,,,,,,
2/25/2022,,,,,,,,,
2/26/2022,,,,,,,,,
2/27/2022,,,,,,,,,
2/28/2022,,,,,,,,,
3/1/2022,,,,,,,,,
3/2/2022,,,,,,,,,
3/3/2022,,,,,,,,,
3/4/2022,,,,,,,,,
3/5/2022,,,,,,,,,
3/6/2022,,,,,,,,,
3/7/2022,,,,,,,,,
3/8/2022,,,,,,,,,
3/9/2022,,,,,,,,,
3/10/2022,,,,,,,,,
3/11/2022,,,,,,,,,
3/12/2022,,,,,,,,,
3/13/2022,,,,,,,,,
3/14/2022,,,,,,,,,
3/15/2022,,,,,,,,,
3/16/2022,,,,,,,,,
3/17/2022,,,,,,,,,
3/18/2022,,,,,,,,,
3/19/2022,,,,,,,,,
3/20/2022,,,,,,,,,
3/21/2022,,,,,,,,,
3/22/2022,,,,,,,,,
3/23/2022,,,,,,,,,
3/24/2022,,,,,,,,,
3/25/2022,,,,,,,,,
3/26/2022,,,,,,,,,
3/27/2022,,,,,,,,,
3/28/2022,,,,,,,,,
3/29/2022,,,,,,,,,
3/30/2022,,,,,,,,,
3/31/2022,,,,,,,,,
4/1/2022,,,,,,,,,
4/2/2022,,,,,,,,,
4/3/2022,,,,,,,,,
4/4/2022,,,,,,,,,
4/5/2022,,,,,,,,,
4/6/2022,,,,,,,,,
4/7/2022,,,,,,,,,
4/8/2022,,,,,,,,,
4/9/2022,,,,,,,,,
4/10/2022,,,,,,,,,
4/11/2022,,,,,,,,,
4/12/2022,,,,,,,,,
4/13/2022,,,,,,,,,
4/14/2022,,,,,,,,,
4/15/2022,,,,,,,,,
4/16/2022,,,,,,,,,
4/17/2022,,,,,,,,,
4/18/2022,,,,,,,,,
4/19/2022,,,,,,,,,
4/20/2022,,,,,,,,,
4/21/2022,,,,,,,,,
4/22/2022,,,,,,,,,
4/23/2022,,,,,,,,,
4/24/2022,,,,,,,,,
4/25/2022,,,,,,,,,
4/26/2022,,,,,,,,,
4/27/2022,,,,,,,,,
4/28/2022,,,,,,,,,
4/29/2022,,,,,,,,,
4/30/2022,,,,,,,,,
5/1/2022,,,,,,,,,
5/2/2022,,,,,,,,,
5/3/2022,,,,,,,,,
5/4/2022,,,,,,,,,
5/5/2022,,,,,,,,,
5/6/2022,,,,,,,,,
5/7/2022,,,,,,,,,
5/8/2022,,,,,,,,,
5/9/2022,,,,,,,,,
5/10/2022,,,,,,,,,
5/11/2022,,,,,,,,,
5/12/2022,,,,,,,,,
5/13/2022,,,,,,,,,
5/14/2022,,,,,,,,,
5/15/2022,,,,,,,,,
5/16/2022,,,,,,,,,
5/17/2022,,,,,,,,,
5/18/2022,,,,,,,,,
5/19/2022,,,,,,,,,
5/20/2022,,,,,,,,,
5/21/2022,,,,,,,,,
5/22/2022,,,,,,,,,
5/23/2022,,,,,,,,,
5/24/2022,,,,,,,,,
5/25/2022,,,,,,,,,
5/26/2022,,,,,,,,,
5/27/2022,,,,,,,,,
5/28/2022,,,,,,,,,
5/29/2022,,,,,,,,,
5/30/2022,,,,,,,,,
5/31/2022,,,,,,,,,
6/1/2022,,,,,,,,,
6/2/2022,,,,,,,,,
6/3/2022,,,,,,,,,
6/4/2022,,,,,,,,,
6/5/2022,,,,,,,,,
6/6/2022,,,,,,,,,
6/7/2022,,,,,,,,,
6/8/2022,,,,,,,,,
6/9/2022,,,,,,,,,
6/10/2022,,,,,,,,,
6/11/2022,,,,,,,,,
6/12/2022,,,,,,,,,
6/13/2022,,,,,,,,,
6/14/2022,,,,,,,,,
6/15/2022,,,,,,,,,
6/16/2022,,,,,,,,,
6/17/2022,,,,,,,,,
6/18/2022,,,,,,,,,
6/19/2022,,,,,,,,,
6/20/2022,,,,,,,,,
6/21/2022,,,,,,,,,
6/22/2022,,,,,,,,,
6/23/2022,,,,,,,,,
6/24/2022,,,,,,,,,
6/25/2022,,,,,,,,,
6/26/2022,,,,,,,,,
6/27/2022,,,,,,,,,
6/28/2022,,,,,,,,,
6/29/2022,,,,,,,,,
6/30/2022,,,,,,,,,
7/1/2022,,,,,,,,,
7/2/2022,,,,,,,,,
7/3/2022,,,,,,,,,
7/4/2022,,,,,,,,,
7/5/2022,,,,,,,,,
7/6/2022,,,,,,,,,
7/7/2022,,,,,,,,,
7/8/2022,,,,,,,,,
7/9/2022,,,,,,,,,
7/10/2022,,,,,,,,,
7/11/2022,,,,,,,,,
7/12/2022,,,,,,,,,
7/13/2022,,,,,,,,,
7/14/2022,,,,,,,,,
7/15/2022,,,,,,,,,
7/16/2022,,,,,,,,,
7/17/2022,,,,,,,,,
7/18/2022,,,,,,,,,
7/19/2022,,,,,,,,,
7/20/2022,,,,,,,,,
7/21/2022,,,,,,,,,
7/22/2022,,,,,,,,,
7/23/2022,,,,,,,,,
7/24/2022,,,,,,,,,
7/25/2022,,,,,,,,,
7/26/2022,,,,,,,,,
7/27/2022,,,,,,,,,
7/28/2022,,,,,,,,,
7/29/2022,,,,,,,,,
7/30/2022,,,,,,,,,
7/31/2022,,,,,,,,,
8/1/2022,,,,,,,,,
8/2/2022,,,,,,,,,
8/3/2022,,,,,,,,,
8/4/2022,,,,,,,,,
8/5/2022,,,,,,,,,
8/6/2022,,,,,,,,,
8/7/2022,,,,,,,,,
8/8/2022,,,,,,,,,
8/9/2022,,,,,,,,,
8/10/2022,,,,,,,,,
8/11/2022,,,,,,,,,
8/12/2022,,,,,,,,,
8/13/2022,,,,,,,,,
8/14/2022,,,,,,,,,
8/15/2022,,,,,,,,,
8/16/2022,,,,,,,,,
8/17/2022,,,,,,,,,
8/18/2022,,,,,,,,,
8/19/2022,,,,,,,,,
8/20/2022,,,,,,,,,
8/21/2022,,,,,,,,,
8/22/2022,,,,,,,,,
8/23/2022,,,,,,,,,
8/24/2022,,,,,,,,,
8/25/2022,,,,,,,,,
8/26/2022,,,,,,,,,
8/27/2022,,,,,,,,,
8/28/2022,,,,,,,,,
8/29/2022,,,,,,,,,
8/30/2022,,,,,,,,,
8/31/2022,,,,,,,,,
9/1/2022,,,,,,,,,
9/2/2022,,,,,,,,,
9/3/2022,,,,,,,,,
9/4/2022,,,,,,,,,
9/5/2022,,,,,,,,,
9/6/2022,,,,,,,,,
9/7/2022,,,,,,,,,
9/8/2022,,,,,,,,,
9/9/2022,,,,,,,,,
9/10/2022,,,,,,,,,
9/11/2022,,,,,,,,,
9/12/2022,,,,,,,,,
9/13/2022,,,,,,,,,
9/14/2022,,,,,,,,,
9/15/2022,,,,,,,,,
9/16/2022,,,,,,,,,
9/17/2022,,,,,,,,,
9/18/2022,,,,,,,,,
9/19/2022,,,,,,,,,
9/20/2022,,,,,,,,,
9/21/2022,,,,,,,,,
9/22/2022,,,,,,,,,
9/23/2022,,,,,,,,,
9/24/2022,,,,,,,,,
9/25/2022,,,,,,,,,
9/26/2022,,,,,,,,,
9/27/2022,,,,,,,,,
9/28/2022,,,,,,,,,
9/29/2022,,,,,,,,,
9/30/2022,,,,,,,,,
10/1/2022,,,,,,,,,
10/2/2022,,,,,,,,,
10/3/2022,,,,,,,,,
10/4/2022,,,,,,,,,
10/5/2022,,,,,,,,,
10/6/2022,,,,,,,,,
10/7/2022,,,,,,,,,
10/8/2022,,,,,,,,,
10/9/2022,,,,,,,,,
10/10/2022,,,,,,,,,
10/11/2022,,,,,,,,,
10/12/2022,,,,,,,,,
10/13/2022,,,,,,,,,
10/14/2022,,,,,,,,,
10/15/2022,,,,,,,,,
10/16/2022,,,,,,,,,
10/17/2022,,,,,,,,,
10/18/2022,,,,,,,,,
10/19/2022,,,,,,,,,
10/20/2022,,,,,,,,,
10/21/2022,,,,,,,,,
10/22/2022,,,,,,,,,
10/23/2022,,,,,,,,,
10/24/2022,,,,,,,,,
10/25/2022,,,,,,,,,
10/26/2022,,,,,,,,,
10/27/2022,,,,,,,,,
10/28/2022,,,,,,,,,
10/29/2022,,,,,,,,,
10/30/2022,,,,,,,,,
10/31/2022,,,,,,,,,
11/1/2022,,,,,,,,,
11/2/2022,,,,,,,,,
11/3/2022,,,,,,,,,
11/4/2022,,,,,,,,,
11/5/2022,,,,,,,,,
11/6/2022,,,,,,,,,
11/7/2022,,,,,,,,,
11/8/2022,,,,,,,,,
11/9/2022,,,,,,,,,
11/10/2022,,,,,,,,,
11/11/2022,,,,,,,,,
11/12/2022,,,,,,,,,
11/13/2022,,,,,,,,,
11/14/2022,,,,,,,,,
11/15/2022,,,,,,,,,
11/16/2022,,,,,,,,,
11/17/2022,,,,,,,,,
11/18/2022,,,,,,,,,
11/19/2022,,,,,,,,,
11/20/2022,,,,,,,,,
11/21/2022,,,,,,,,,
11/22/2022,,,,,,,,,
11/23/2022,,,,,,,,,
11/24/2022,,,,,,,,,
11/25/2022,,,,,,,,,
11/26/2022,,,,,,,,,
11/27/2022,,,,,,,,,
11/28/2022,,,,,,,,,
11/29/2022,,,,,,,,,
11/30/2022,,,,,,,,,
12/1/2022,,,,,,,,,
12/2/2022,,,,,,,,,
12/3/2022,,,,,,,,,
12/4/2022,,,,,,,,,
12/5/2022,,,,,,,,,
12/6/2022,,,,,,,,,
12/7/2022,,,,,,,,,
12/8/2022,,,,,,,,,
12/9/2022,,,,,,,,,
12/10/2022,,,,,,,,,
12/11/2022,,,,,,,,,
12/12/2022,,,,,,,,,
12/13/2022,,,,,,,,,
12/14/2022,,,,,,,,,
12/15/2022,,,,,,,,,
12/16/2022,,,,,,,,,
12/17/2022,,,,,,,,,
12/18/2022,,,,,,,,,
12/19/2022,,,,,,,,,
12/20/2022,,,,,,,,,
12/21/2022,,,,,,,,,
12/22/2022,,,,,,,,,
12/23/2022,,,,,,,,,
12/24/2022,,,,,,,,,
12/25/2022,,,,,,,,,
12/26/2022,,,,,,,,,
12/27/2022,,,,,,,,,
12/28/2022,,,,,,,,,
12/29/2022,,,,,,,,,
12/30/2022,,,,,,,,,
12/31/2022,,,,,,,,,
1/1/2023,,,,,,,,,
1/2/2023,,,,,,,,,
1/3/2023,,,,,,,,,
1/4/2023,,,,,,,,,
1/5/2023,,,,,,,,,
1/6/2023,,,,,,,,,
1/7/2023,,,,,,,,,
1/8/2023,,,,,,,,,
1/9/2023,,,,,,,,,
1/10/2023,,,,,,,,,
1/11/2023,,,,,,,,,
1/12/2023,,,,,,,,,
1/13/2023,,,,,,,,,
1/14/2023,,,,,,,,,
1/15/2023,,,,,,,,,
1/16/2023,,,,,,,,,
1/17/2023,,,,,,,,,
1/18/2023,,,,,,,,,
1/19/2023,,,,,,,,,
1/20/2023,,,,,,,,,
1/21/2023,,,,,,,,,
1/22/2023,,,,,,,,,
1/23/2023,,,,,,,,,
1/24/2023,,,,,,,,,
1/25/2023,,,,,,,,,
1/26/2023,,,,,,,,,
1/27/2023,,,,,,,,,
1/28/2023,,,,,,,,,
1/29/2023,,,,,,,,,
1/30/2023,,,,,,,,,
1/31/2023,,,,,,,,,
2/1/2023,,,,,,,,,
2/2/2023,,,,,,,,,
2/3/2023,,,,,,,,,
2/4/2023,,,,,,,,,
2/5/2023,,,,,,,,,
2/6/2023,,,,,,,,,
2/7/2023,,,,,,,,,
2/8/2023,,,,,,,,,
2/9/2023,,,,,,,,,
2/10/2023,,,,,,,,,
2/11/2023,,,,,,,,,
2/12/2023,,,,,,,,,
2/13/2023,,,,,,,,,
2/14/2023,,,,,,,,,
2/15/2023,,,,,,,,,
2/16/2023,,,,,,,,,
2/17/2023,,,,,,,,,
2/18/2023,,,,,,,,,
2/19/2023,,,,,,,,,
2/20/2023,,,,,,,,,
2/21/2023,,,,,,,,,
2/22/2023,,,,,,,,,
2/23/2023,,,,,,,,,
2/24/2023,,,,,,,,,
2/25/2023,,,,,,,,,
2/26/2023,,,,,,,,,
2/27/2023,,,,,,,,,
2/28/2023,,,,,,,,,
3/1/2023,,,,,,,,,
3/2/2023,,,,,,,,,
3/3/2023,,,,,,,,,
3/4/2023,,,,,,,,,
3/5/2023,,,,,,,,,
3/6/2023,,,,,,,,,
3/7/2023,,,,,,,,,
3/8/2023,,,,,,,,,
3/9/2023,,,,,,,,,
3/10/2023,,,,,,,,,
3/11/2023,,,,,,,,,
3/12/2023,,,,,,,,,
3/13/2023,,,,,,,,,
3/14/2023,,,,,,,,,
3/15/2023,,,,,,,,,
3/16/2023,,,,,,,,,
3/17/2023,,,,,,,,,
3/18/2023,,,,,,,,,
3/19/2023,,,,,,,,,
3/20/2023,,,,,,,,,
3/21/2023,,,,,,,,,
3/22/2023,,,,,,,,,
3/23/2023,,,,,,,,,
3/24/2023,,,,,,,,,
3/25/2023,,,,,,,,,
3/26/2023,,,,,,,,,
3/27/2023,,,,,,,,,
3/28/2023,,,,,,,,,
3/29/2023,,,,,,,,,
3/30/2023,,,,,,,,,
3/31/2023,,,,,,,,,
4/1/2023,,,,,,,,,
4/2/2023,,,,,,,,,
4/3/2023,,,,,,,,,
4/4/2023,,,,,,,,,
4/5/2023,,,,,,,,,
4/6/2023,,,,,,,,,
4/7/2023,,,,,,,,,
4/8/2023,,,,,,,,,
4/9/2023,,,,,,,,,
4/10/2023,,,,,,,,,
4/11/2023,,,,,,,,,
4/12/2023,,,,,,,,,
4/13/2023,,,,,,,,,
4/14/2023,,,,,,,,,
4/15/2023,,,,,,,,,
4/16/2023,,,,,,,,,
4/17/2023,0.7200,0.4090,0.5858,0.7522,0.5031,0.3667,0.1895,0.1475,0.5500
4/18/2023,0.4950,0.3457,0.5650,0.8581,0.4342,0.4389,0.2296,0.2256,0.4889
4/19/2023,0.4433,0.3215,0.5400,1.0344,0.4063,0.5611,0.2989,0.1612,0.6722
4/20/2023,0.3850,0.3515,0.5358,0.9819,0.4502,0.4167,0.2598,0.1863,0.4222
4/21/2023,0.5550,0.3382,0.5358,0.7909,0.4058,1.4167,0.2305,0.1544,0.6333
4/22/2023,1.1167,0.3233,0.6042,0.7081,0.3804,0.5056,0.1995,0.2081,0.5500
4/23/2023,,,,,,,,,
4/24/2023,0.6717,0.3868,0.6033,0.9691,0.4731,0.5667,0.2465,0.1906,0.5111
4/25/2023,0.3933,0.3632,0.5725,0.9791,0.4846,0.8333,0.2491,0.1838,0.5556
4/26/2023,0.3333,0.3560,0.5192,1.0372,0.4713,0.9500,0.2357,0.1731,0.5778
4/27/2023,0.3817,0.3415,0.4892,0.9128,0.5394,0.7389,0.2511,0.1656,0.4222
4/28/2023,0.5983,0.3952,0.5067,0.9084,0.4696,0.9111,0.2547,0.1575,0.4500
4/29/2023,0.3833,0.3132,0.5458,0.7847,0.4533,1.1556,0.2512,0.1119,0.5833
4/30/2023,,,,,,,,,
5/1/2023,0.5517,0.2768,0.5717,0.9147,0.4596,0.7000,0.2385,0.1269,0.5111
5/2/2023,0.6117,0.2910,0.5633,1.0497,0.5112,0.6056,0.2394,0.1144,0.5111
5/3/2023,0.5083,0.3062,0.5200,0.6897,0.4158,0.5333,0.2122,0.1562,0.6389
5/4/2023,0.3883,0.3695,0.4633,0.8359,0.4671,0.5500,0.1786,0.1538,0.3833
5/5/2023,0.5567,0.3345,0.4867,0.9328,0.4533,0.9833,0.1656,0.1344,0.5500
5/6/2023,0.6067,0.3492,0.4983,0.7147,0.4273,0.9000,0.1737,0.1200,0.6722
5/7/2023,,,,,,,,,
5/8/2023,,,,,,,,,
5/9/2023,,,,,,,,,
5/10/2023,,,,,,,,,
5/11/2023,,,,,,,,,
5/12/2023,,,,,,,,,
5/13/2023,,,,,,,,,
5/14/2023,,,,,,,,,
5/15/2023,,,,,,,,,
5/16/2023,,,,,,,,,
5/17/2023,,,,,,,,,
5/18/2023,,,,,,,,,
5/19/2023,,,,,,,,,
5/20/2023,,,,,,,,,
5/21/2023,,,,,,,,,
5/22/2023,0.7333,0.3232,0.5158,0.7625,0.3946,0.4500,0.1546,0.1294,0.6056
5/23/2023,0.5117,0.3025,0.6150,0.9609,0.4956,0.6444,0.1700,0.2531,0.6556
5/24/2023,0.6867,0.3198,0.6475,1.0947,0.5285,0.8056,0.1866,0.2344,0.6500
5/25/2023,0.7400,0.3553,0.6300,0.8322,0.4323,0.5889,0.2114,0.1856,0.4000
5/26/2023,0.5700,0.3182,0.6350,0.9362,0.4810,0.6000,0.1927,0.1856,0.5722
5/27/2023,0.4567,0.2765,0.6183,0.9419,0.5577,0.7056,0.1809,0.1650,0.3556
5/28/2023,,,,,,,,,
5/29/2023,0.6233,0.3497,0.6475,0.9941,0.5013,0.7111,0.1801,0.1506,0.5667
5/30/2023,0.9033,0.3335,0.6408,0.7075,0.4067,0.9833,0.1714,0.3612,0.5222
5/31/2023,0.5717,0.3340,0.6000,0.9216,0.4783,0.5556,0.1486,0.3019,0.7333
6/1/2023,0.5683,0.3472,0.6842,0.9034,0.5023,0.4222,0.1656,0.2606,0.3556
6/2/2023,0.8600,0.3717,0.6650,0.8106,0.4090,0.2833,0.1879,0.1806,0.4389
6/3/2023,0.4483,0.4215,0.5517,0.7872,0.3979,0.2722,0.1866,0.1956,0.7722
6/4/2023,,,,,,,,,
6/5/2023,0.4550,0.3530,0.6317,1.0025,0.5406,0.4278,0.1617,0.1981,0.3944
6/6/2023,0.5700,0.3310,0.6392,1.0512,0.5240,0.4111,0.1724,0.1106,0.5278
6/7/2023,0.5067,0.3070,0.6217,1.1359,0.6060,0.4278,0.1544,0.1906,0.3500
6/8/2023,0.5717,0.3772,0.6092,1.4031,0.7190,0.5833,0.1678,0.1519,0.5667
6/9/2023,0.5750,0.3875,0.6642,1.3547,0.6377,0.3444,0.1504,0.1469,0.5222
6/10/2023,0.9800,0.3672,0.6633,0.9781,0.6608,0.3500,0.1484,0.1812,0.5667
6/11/2023,,,,,,,,,
6/12/2023,0.3867,0.3210,0.5325,0.9778,0.4654,0.3944,0.1670,0.2069,0.8833
6/13/2023,0.3950,0.3578,0.5892,0.6262,0.3240,0.4111,0.1739,0.3388,0.5500
6/14/2023,0.6783,0.3338,0.6083,0.5678,0.3102,0.4167,0.1535,0.2262,0.5222
6/15/2023,0.6817,0.3580,0.6808,0.8019,0.3983,0.4222,0.1804,0.2212,0.7000
6/16/2023,0.6917,0.3592,0.6617,1.0359,0.5869,0.4389,0.1531,0.1256,0.6611
6/17/2023,0.6933,0.3517,0.6500,0.7884,0.4792,0.3611,0.1420,0.2031,0.5667
6/18/2023,,,,,,,,,
6/19/2023,0.5133,0.3100,0.6017,0.7600,0.3792,0.3556,0.1720,0.2131,0.4833
6/20/2023,0.5750,0.3618,0.6367,0.8091,0.4008,0.4389,0.1685,0.3050,0.4000
6/21/2023,0.6900,0.4073,0.6417,0.7466,0.4179,0.4778,0.1639,0.3112,0.5722
6/22/2023,0.9167,0.3502,0.7392,0.9719,0.4967,0.4500,0.1554,0.2644,0.4833
6/23/2023,0.8667,0.3148,0.8000,1.0559,0.5229,0.4778,0.1395,0.2294,0.5278
6/24/2023,0.5783,0.2978,0.7067,1.0897,0.5746,0.4889,0.1397,0.1612,0.5278
6/25/2023,,,,,,,,,
6/26/2023,0.5183,0.3332,0.6542,1.0491,0.5556,0.3833,0.1551,0.3281,0.6167
6/27/2023,0.4567,0.3315,0.7000,0.8531,0.4733,0.5056,0.1634,0.5869,0.3944
6/28/2023,0.5717,0.3355,0.6050,0.7438,0.4588,0.5556,0.1655,0.5250,0.4000
6/29/2023,0.4000,0.3222,0.5942,0.5950,0.3650,0.4500,0.2249,0.5631,0.5667
6/30/2023,0.2883,0.3800,0.6408,0.8600,0.4562,0.5944,0.2595,0.4594,0.4889
7/1/2023,0.4033,0.4195,0.6942,0.9500,0.5854,0.6444,0.2704,0.2175,0.4000
7/2/2023,,,,,,,,,
7/3/2023,0.3483,0.4412,0.7333,1.0919,0.4844,0.4556,0.1630,0.2944,0.4000
7/4/2023,0.4050,0.3462,0.7008,0.9969,0.5196,0.3667,0.1755,0.2181,0.4444
7/5/2023,0.2883,0.3380,0.6708,0.9528,0.5217,0.3722,0.1391,0.1737,0.3556
7/6/2023,0.2900,0.3778,0.7175,0.9225,0.5198,0.3389,0.2671,0.2162,0.4444
7/7/2023,0.2850,0.3970,0.6400,1.0163,0.5517,0.4722,0.2755,0.1581,0.4833
7/8/2023,0.2833,0.3427,0.5683,1.0409,0.5406,0.3667,0.2227,0.1444,0.4000
7/9/2023,,,,,,,,,
7/10/2023,0.5183,0.3412,0.6833,1.0128,0.5106,0.5111,0.2005,0.1869,0.4444
7/11/2023,0.4483,0.3425,0.6858,0.9397,0.4783,0.3000,0.1762,0.1919,0.3556
7/12/2023,0.6300,0.4325,0.6717,1.1994,0.6171,0.4056,0.1685,0.1656,0.4444
7/13/2023,0.3983,0.3262,0.7242,1.1037,0.6369,0.3889,0.1394,0.1319,0.7889
7/14/2023,0.6317,0.3335,0.7192,0.8597,0.4369,0.3611,0.1321,0.1250,0.6611
7/15/2023,0.4033,0.3878,0.7592,0.8278,0.4021,0.2111,0.1810,0.1400,0.5333
7/16/2023,,,,,,,,,
7/17/2023,,,,,,,,,
7/18/2023,0.4067,0.4200,0.8000,0.9078,0.4838,0.3222,0.1538,0.1319,0.5333
7/19/2023,0.5200,0.4078,0.7625,0.9403,0.4692,0.3556,0.1162,0.1112,0.4889
7/20/2023,0.6350,0.3482,0.7608,0.9228,0.4725,0.3611,0.1442,0.1462,0.4444
7/21/2023,0.5767,0.3925,0.6825,1.0325,0.5196,0.3111,0.1340,0.1044,0.4000
7/22/2023,0.6300,0.4158,0.5942,0.8147,0.4467,0.2167,0.1682,0.1250,0.4889
7/23/2023,,,,,,,,,
7/24/2023,0.4617,0.4662,0.6975,1.0450,0.5262,0.3889,0.1776,0.1325,0.4778
7/25/2023,0.5233,0.4075,0.7292,1.1303,0.5673,0.3944,0.1745,0.1200,0.4889
7/26/2023,0.4050,0.4028,0.7167,0.8050,0.4398,0.3833,0.1609,0.1119,0.5333
7/27/2023,0.6900,0.4025,0.5633,0.5631,0.2696,0.5222,0.1682,0.1450,0.5222
7/28/2023,0.5717,0.3982,0.6000,0.5638,0.2873,0.4111,0.1724,0.1794,0.4444
7/29/2023,0.5767,0.3848,0.6817,0.5025,0.2942,0.8056,0.1415,0.1600,0.4778
7/30/2023,,,,,,,,,
7/31/2023,0.2883,0.3917,0.7092,0.7097,0.3621,0.2889,0.1574,0.3481,0.5278
8/1/2023,0.9883,0.4170,0.7717,0.7609,0.4160,0.3778,0.1681,0.3850,0.4444
8/2/2023,0.6383,0.4510,0.7300,0.7756,0.4090,0.3611,0.1615,0.3300,0.6222
8/3/2023,0.9383,0.4238,0.8025,0.8009,0.4448,0.5167,0.3095,0.3075,0.4889
8/4/2023,0.9900,0.4198,0.8117,0.6769,0.3338,0.7889,0.3077,0.2538,0.3556
8/5/2023,0.5867,0.3500,0.7350,0.6059,0.3771,0.7556,0.2039,0.2281,0.4000
8/6/2023,,,,,,,,,
8/7/2023,,,,,,,,,
8/8/2023,,,,,,,,,
8/9/2023,,,,,,,,,
8/10/2023,,,,,,,,,
8/11/2023,,,,,,,,,
8/12/2023,,,,,,,,,
8/13/2023,,,,,,,,,
8/14/2023,0.8500,0.4077,0.8675,0.5994,0.3210,0.1778,0.1825,0.3550,0.6611
8/15/2023,0.6867,0.3835,0.8317,0.7822,0.3896,0.3222,0.1780,0.4775,0.5278
8/16/2023,0.9217,0.4087,0.8275,0.6822,0.4483,0.2944,0.1689,0.4725,0.4389
8/17/2023,0.6367,0.3855,0.7492,0.8728,0.4360,0.3778,0.2634,0.3481,0.4000
8/18/2023,0.5767,0.3762,0.7550,0.8159,0.4081,0.3056,0.1875,0.2431,0.3556
8/19/2023,0.6900,0.3342,0.7517,0.7287,0.4581,0.2556,0.1648,0.2100,0.4389
8/20/2023,,,,,,,,,
8/21/2023,0.8100,0.3440,0.8325,1.0438,0.5710,0.3556,0.1700,0.2087,0.8389
8/22/2023,0.6333,0.3595,0.7633,1.1634,0.5554,0.1833,0.1741,0.4369,0.4389
8/23/2023,0.5717,0.3538,0.7717,1.0825,0.6033,0.1556,0.1780,0.3744,0.6111
8/24/2023,0.5733,0.2865,0.7375,0.7538,0.6165,0.1556,0.3007,0.3250,0.5667
8/25/2023,0.9783,0.3155,0.8233,0.5922,0.3352,0.1778,0.2470,0.2225,0.4833
8/26/2023,0.9317,0.2688,0.8142,0.7059,0.3423,0.3056,0.1911,0.2375,0.5333
8/27/2023,,,,,,,,,
8/28/2023,1.0633,0.2988,0.8867,0.9803,0.4625,0.5056,0.1771,0.9238,0.9056
8/29/2023,0.3567,0.3057,0.8233,0.9000,0.4648,0.2389,0.1690,0.3838,0.4500
8/30/2023,0.5233,0.3242,0.7142,0.7144,0.3898,0.2111,0.1754,0.2306,1.1833
8/31/2023,0.5183,0.3172,0.6633,0.8691,0.4738,0.3111,0.1739,0.2012,1.6278
9/1/2023,0.4000,0.3095,0.7283,0.7425,0.3681,0.3722,0.1582,0.1925,1.2389
9/2/2023,0.5067,0.2865,0.6742,0.6797,0.3369,0.3389,0.1682,0.1506,0.8556
9/3/2023,,,,,,,,,
9/4/2023,,,,,,,,,
9/5/2023,,,,,,,,,
9/6/2023,,,,,,,,,
9/7/2023,,,,,,,,,
9/8/2023,,,,,,,,,
9/9/2023,,,,,,,,,
9/10/2023,,,,,,,,,
9/11/2023,0.6250,0.3030,0.6133,0.5344,0.2848,0.3278,0.2554,0.2263,0.7389
9/12/2023,0.6317,0.2515,0.6833,0.9616,0.4738,0.4778,0.2449,0.2200,0.6167
9/13/2023,0.7483,0.2168,0.5692,1.1134,0.6133,0.3722,0.1954,0.2425,0.7000
9/14/2023,0.6283,0.2537,0.6183,0.8853,0.4910,0.3056,0.1772,0.2419,0.5278
9/15/2023,0.5650,0.2907,0.6217,0.5981,0.3371,0.3167,0.1620,0.1781,0.6389
9/16/2023,0.5667,0.2652,0.5925,0.3925,0.2519,0.3944,0.1840,0.2319,0.5556
9/17/2023,,,,,,,,,
9/18/2023,,,,,,,,,
9/19/2023,,,,,,,,,
9/20/2023,,,,,,,,,
9/21/2023,,,,,,,,,
9/22/2023,,,,,,,,,
9/23/2023,,,,,,,,,
9/24/2023,,,,,,,,,
9/25/2023,,,,,,,,,
9/26/2023,,,,,,,,,
9/27/2023,,,,,,,,,
9/28/2023,,,,,,,,,
9/29/2023,,,,,,,,,
9/30/2023,,,,,,,,,
10/1/2023,,,,,,,,,
10/2/2023,0.5017,0.2375,0.5858,0.8387,0.3877,0.3944,0.1679,0.1819,0.4611
10/3/2023,0.9450,0.2432,0.5450,1.2312,0.6285,0.3778,0.1979,0.2019,0.4278
10/4/2023,0.9000,0.2285,0.5850,1.5891,0.8688,0.3667,0.3251,0.1556,0.6444
10/5/2023,0.6650,0.2822,0.5425,1.1028,0.6977,0.4167,0.2252,0.1612,0.6333
10/6/2023,0.3350,0.2698,0.5783,1.1581,0.5504,1.0889,0.2190,0.1675,0.5889
10/7/2023,0.8417,0.2480,0.6042,1.0653,0.5708,0.5000,0.2524,0.1281,0.3833
10/8/2023,,,,,,,,,
10/9/2023,0.9750,0.2858,0.5942,1.0675,0.6012,0.4833,0.2068,0.1569,0.4944
10/10/2023,1.0200,0.2802,0.6467,1.0122,0.5158,0.3111,0.1621,0.2719,0.5667
10/11/2023,0.7033,0.2718,0.6600,0.7866,0.4617,0.4056,0.1529,0.2744,0.5389
10/12/2023,0.8383,0.2700,0.6433,0.9103,0.5085,0.3833,0.1720,0.2013,0.5056
10/13/2023,0.8900,0.2862,0.6517,0.6853,0.3565,0.3722,0.1546,0.2150,0.5056
10/14/2023,0.6750,0.2438,0.6458,0.5775,0.4215,0.4111,0.1739,0.1494,0.6000
10/15/2023,,,,,,,,,
10/16/2023,,,,,,,,,
10/17/2023,,,,,,,,,
10/18/2023,,,,,,,,,
10/19/2023,,,,,,,,,
10/20/2023,,,,,,,,,
10/21/2023,,,,,,,,,
10/22/2023,,,,,,,,,
10/23/2023,,,,,,,,,
10/24/2023,,,,,,,,,
10/25/2023,,,,,,,,,
10/26/2023,,,,,,,,,
10/27/2023,,,,,,,,,
10/28/2023,,,,,,,,,
10/29/2023,,,,,,,,,
10/30/2023,0.5633,0.3100,0.6475,0.6031,0.7308,0.4111,0.2718,0.6256,0.5111
10/31/2023,0.5083,0.3635,0.6208,0.8653,0.6288,0.3667,0.3234,0.3456,0.4667
11/1/2023,0.4983,0.3907,0.5833,0.6453,0.6138,0.4833,0.2617,0.2688,0.4611
11/2/2023,0.6033,0.3035,0.6092,0.7016,0.4894,0.3167,0.2990,0.2056,0.3722
11/3/2023,0.4500,0.3025,0.5908,0.8244,0.4775,0.3778,0.3220,0.2319,0.4333
11/4/2023,0.3400,0.3605,0.5317,0.7869,0.4479,0.2444,0.2755,0.1775,0.4667
11/5/2023,,,,,,,,,
11/6/2023,0.3967,0.2817,0.5358,0.7678,0.4069,0.2667,0.2564,0.2381,0.5944
11/7/2023,0.6167,0.2810,0.5792,0.6750,0.3806,0.3667,0.3591,0.2775,0.3833
11/8/2023,0.7650,0.3138,0.5842,0.7775,0.3848,0.4056,0.3524,0.1588,0.3389
11/9/2023,0.5517,0.3010,0.5225,0.6356,0.3506,0.3944,0.2707,0.1194,0.6222
11/10/2023,0.2717,0.2533,0.5908,0.6163,0.3048,0.3111,0.2215,0.1319,0.3667
11/11/2023,0.4900,0.2530,0.5950,0.7431,0.4179,0.2667,0.2260,0.1838,0.4111
11/12/2023,,,,,,,,,
11/13/2023,0.4917,0.2800,0.5725,0.9794,0.5435,0.3000,0.2170,0.2038,0.4944
11/14/2023,0.2733,0.2302,0.6058,0.8156,0.4325,0.3333,0.2266,0.5212,0.5444
11/15/2023,,,,,,,,,
11/16/2023,,,,,,,,,
11/17/2023,,,,,,,,,
11/18/2023,,,,,,,,,
11/19/2023,,,,,,,,,
11/20/2023,,,,,,,,,
11/21/2023,,,,,,,,,
11/22/2023,,,,,,,,,
11/23/2023,,,,,,,,,
11/24/2023,,,,,,,,,
11/25/2023,,,,,,,,,
11/26/2023,,,,,,,,,
11/27/2023,,,,,,,,,
11/28/2023,,,,,,,,,
11/29/2023,,,,,,,,,
11/30/2023,,,,,,,,,
12/1/2023,,,,,,,,,
12/2/2023,,,,,,,,,
12/3/2023,,,,,,,,,
12/4/2023,0.5200,0.3293,0.5550,0.8225,0.5296,0.3167,0.2111,0.1631,0.3667
12/5/2023,0.4233,0.2775,0.5250,0.6634,0.3690,0.3500,0.1912,0.1238,0.3222
12/6/2023,0.4267,0.2750,0.5575,0.5116,0.3715,0.3056,0.1661,0.1306,0.3667
12/7/2023,0.3667,0.2318,0.5700,0.6119,0.3296,0.4444,0.1525,0.1306,0.4944
12/8/2023,0.3667,0.2392,0.6100,0.7212,0.3365,0.4889,0.1262,0.1438,0.5722
12/9/2023,0.3667,0.2352,0.6008,0.5103,0.3027,0.3222,0.1310,0.0975,0.4056
12/10/2023,,,,,,,,,
12/11/2023,0.4267,0.2535,0.5600,0.7759,0.4356,0.3167,0.1231,0.2638,0.3667
12/12/2023,0.2667,0.1930,0.4533,0.7253,0.3894,0.2944,0.2552,0.1519,0.4111
12/13/2023,0.3783,0.2120,0.5258,0.6900,0.4148,0.3111,0.3984,0.1306,0.4500
12/14/2023,,,,,,,,,
12/15/2023,,,,,,,,,
12/16/2023,,,,,,,,,
12/17/2023,,,,,,,,,
12/18/2023,,,,,,,,,
12/19/2023,,,,,,,,,
12/20/2023,,,,,,,,,
12/21/2023,,,,,,,,,
12/22/2023,,,,,,,,,
12/23/2023,,,,,,,,,
12/24/2023,,,,,,,,,
12/25/2023,,,,,,,,,
12/26/2023,,,,,,,,,
12/27/2023,,,,,,,,,
12/28/2023,,,,,,,,,
12/29/2023,,,,,,,,,
12/30/2023,,,,,,,,,
12/31/2023,,,,,,,,,
1/1/2024,,,,,,,,,
1/2/2024,,,,,,,,,
1/3/2024,,,,,,,,,
1/4/2024,,,,,,,,,
1/5/2024,,,,,,,,,
1/6/2024,,,,,,,,,
1/7/2024,,,,,,,,,
1/8/2024,0.4067,0.2125,0.4917,0.5431,0.3067,0.4778,0.1639,0.2481,0.2389
1/9/2024,0.4567,0.1510,0.4983,0.7678,0.3829,0.4833,0.2434,0.3494,0.3222
1/10/2024,0.4583,0.1248,0.5550,0.7712,0.5162,0.3556,0.3073,0.2656,0.2778
1/11/2024,0.3167,0.1300,0.5208,0.8922,0.4412,0.3111,0.1949,0.2162,0.2778
1/12/2024,0.4133,0.1572,0.5567,0.8572,0.4325,0.3722,0.1551,0.2156,0.3667
1/13/2024,0.3733,0.1427,0.5317,0.7619,0.4571,0.4111,0.1541,0.1788,0.2333
1/14/2024,,,,,,,,,
1/15/2024,0.4833,0.1723,0.5133,0.8428,0.4556,0.4944,0.1605,0.2137,0.5000
1/16/2024,0.3167,0.1278,0.5292,0.7178,0.3698,0.4667,0.1464,0.1463,0.4167
1/17/2024,0.5783,0.1703,0.7475,0.7766,0.3881,0.5167,0.1498,0.1519,0.3222
1/18/2024,0.3850,0.2070,0.5275,0.5247,0.2896,0.4278,0.1504,0.1394,0.3667
1/19/2024,0.2667,0.1565,0.5517,0.3538,0.2210,0.3000,0.1635,0.1438,0.2333
1/20/2024,0.2133,0.1685,0.5483,0.4234,0.2377,0.2722,0.1632,0.1306,0.4111
1/21/2024,,,,,,,,,
1/22/2024,0.3633,0.1750,0.5125,0.4128,0.2427,0.3278,0.2508,0.1556,0.3667
1/23/2024,0.3167,0.1682,0.4800,0.6741,0.3669,0.3667,0.2568,0.2162,0.3667
1/24/2024,0.3183,0.1587,0.4833,0.7806,0.4121,0.3611,0.1654,0.1225,0.3222
1/25/2024,0.4350,0.1772,0.4375,0.7559,0.4365,0.2833,0.2011,0.1569,0.3667
1/26/2024,0.2667,0.2067,0.4908,0.6309,0.3510,0.2944,0.2595,0.1806,0.4500
1/27/2024,0.2667,0.2035,0.5075,0.7128,0.3965,0.1722,0.2588,0.1306,0.3667
1/28/2024,,,,,,,,,
1/29/2024,,,,,,,,,
1/30/2024,,,,,,,,,
1/31/2024,,,,,,,,,
2/1/2024,,,,,,,,,
2/2/2024,,,,,,,,,
2/3/2024,,,,,,,,,
2/4/2024,,,,,,,,,
2/5/2024,,,,,,,,,
2/6/2024,,,,,,,,,
2/7/2024,,,,,,,,,
2/8/2024,,,,,,,,,
2/9/2024,,,,,,,,,
2/10/2024,,,,,,,,,
2/11/2024,,,,,,,,,
2/12/2024,0.7733,0.2608,0.6242,0.7091,0.4146,0.2778,0.2219,0.1744,0.3000
2/13/2024,0.3300,0.2982,0.4417,0.7000,0.3758,0.2944,0.2875,0.1856,0.2833
2/14/2024,0.2133,0.2605,0.4608,0.7316,0.3944,0.3111,0.2571,0.1425,0.3222
2/15/2024,0.5933,0.2750,0.4733,0.7866,0.3952,0.3333,0.2249,0.1175,0.4056
2/16/2024,0.4817,0.2982,0.4417,0.6894,0.3725,0.3222,0.1763,0.1556,0.2778
2/17/2024,0.4800,0.2947,0.4467,0.8678,0.3929,0.3222,0.1745,0.1681,0.3667
2/18/2024,,,,,,,,,
2/19/2024,0.4800,0.2447,0.5408,1.0597,0.5298,0.2556,0.2960,0.1300,0.4389
2/20/2024,0.2700,0.2515,0.5833,0.6303,0.3273,0.3333,0.2376,0.0719,0.4056
2/21/2024,0.5967,0.2550,0.6167,0.5419,0.3092,0.3389,0.2289,0.1306,0.3667
2/22/2024,0.3833,0.2370,0.6408,0.7306,0.3102,0.4167,0.2134,0.1581,0.3000
2/23/2024,0.5500,0.2437,0.6100,0.8850,0.4110,0.6833,0.1906,0.0931,0.3278
2/24/2024,0.3300,0.3408,0.6600,0.6166,0.3715,1.0944,0.2246,0.0931,0.3778
2/25/2024,,,,,,,,,
2/26/2024,0.2750,0.3378,0.5967,0.6675,0.3335,0.8222,0.2625,0.1056,0.3667
2/27/2024,0.4383,0.2933,0.5225,1.3262,0.6538,0.3389,0.2021,0.0731,0.3778
2/28/2024,0.6517,0.2922,0.6417,1.4088,0.6854,0.2500,0.1966,0.1175,0.3167
2/29/2024,0.4867,0.3143,0.5417,0.7469,0.4362,0.2056,0.1546,0.1306,0.2778
3/1/2024,0.5417,0.2825,0.5883,0.9178,0.4419,0.3278,0.2155,0.0850,0.4056
3/2/2024,0.4883,0.2568,0.6125,0.5062,0.2840,0.3167,0.1819,0.0650,0.3778
3/3/2024,,,,,,,,,
3/4/2024,0.7650,0.2415,0.5325,0.5606,0.3252,0.2611,0.1777,0.0925,0.5778
3/5/2024,0.4367,0.2545,0.5892,0.7575,0.4281,0.2944,0.1589,0.1256,0.5444
3/6/2024,0.5417,0.3020,0.6775,0.8859,0.4754,0.2722,0.1655,0.1431,0.2778
3/7/2024,0.4817,0.3017,0.5875,0.7887,0.4458,0.2889,0.2187,0.1413,0.3611
3/8/2024,0.7517,0.3950,0.6175,0.9600,0.4902,0.3278,0.2825,0.1756,0.4056
3/9/2024,1.0700,0.3290,0.5608,0.7219,0.3942,0.3000,0.2484,0.1375,0.2778
3/10/2024,,,,,,,,,
3/11/2024,0.5367,0.3612,0.6000,0.7003,0.3740,0.2833,0.2484,0.1294,0.2778
3/12/2024,0.2683,0.3565,0.5667,0.5716,0.3360,0.2556,0.2241,0.1831,0.2333
3/13/2024,0.3783,0.3052,0.6117,0.6878,0.3592,0.2333,0.1955,0.1956,0.4111
3/14/2024,0.6983,0.2880,0.6175,0.7394,0.3946,0.2111,0.1795,0.1744,0.2778
3/15/2024,0.5950,0.2972,0.6492,0.7112,0.3794,0.1722,0.1629,0.1956,0.3222
3/16/2024,0.8100,0.3060,0.6658,0.6425,0.4554,0.2444,0.1609,0.2088,0.2778
3/17/2024,,,,,,,,,
3/18/2024,0.5383,0.3232,0.6283,0.7400,0.4998,0.3333,0.2840,0.1556,0.3667
3/19/2024,0.3750,0.3420,0.5625,0.9944,0.4846,0.2333,0.2505,0.1494,0.3222
3/20/2024,0.3733,0.3288,0.6692,1.0878,0.5121,0.1722,0.2219,0.1112,0.2778
3/21/2024,0.4317,0.3282,0.5983,0.8900,0.4604,0.2222,0.1930,0.1306,0.4111
3/22/2024,0.7650,0.3752,0.6617,0.6466,0.4094,0.2333,0.1642,0.1581,0.4611
3/23/2024,0.5583,0.3760,0.6458,0.9322,0.4565,0.3000,0.1549,0.1350,0.3833
3/24/2024,,,,,,,,,
3/25/2024,0.7633,0.3842,0.7800,1.0703,0.5704,0.5667,0.1826,0.1725,0.4556
3/26/2024,0.7617,0.3360,0.6233,1.2588,0.6279,0.4444,0.2131,0.1713,0.4056
3/27/2024,0.4417,0.3240,0.5758,1.2819,0.6633,0.2056,0.1773,0.0931,0.3833
3/28/2024,0.4483,0.3908,0.5942,0.5409,0.3385,0.1667,0.1659,0.0944,0.2611
3/29/2024,0.6650,0.3872,0.6075,0.7347,0.3640,0.2611,0.1860,0.1212,0.4278
3/30/2024,1.8000,0.3635,0.6308,0.6478,0.4790,0.2000,0.1794,0.1081,0.4222
3/31/2024,,,,,,,,,
4/1/2024,1.4867,0.3383,0.6150,0.7378,0.4117,0.4278,0.1741,0.1306,0.4333
4/2/2024,0.7917,0.3155,0.5725,1.0484,0.5500,0.2722,0.1796,0.2044,0.3056
4/3/2024,0.5067,0.3335,0.5683,1.0541,0.5740,0.2667,0.2079,0.1494,0.3056
4/4/2024,0.5533,0.3175,0.5367,0.6281,0.3419,0.1722,0.2081,0.1006,0.3444
4/5/2024,0.5533,0.3328,0.5600,0.6716,0.3815,0.2667,0.2511,0.1675,0.3333
4/6/2024,0.6133,0.3025,0.5725,0.6034,0.3808,0.4500,0.2144,0.1806,0.3444
4/7/2024,,,,,,,,,
4/8/2024,1.0033,0.3175,0.6900,0.8556,0.4890,0.5278,0.2161,0.2312,0.3667
4/9/2024,0.9067,0.3318,0.6367,1.0028,0.4338,0.2889,0.1842,0.3662,0.3222
4/10/2024,1.1300,0.3265,0.6875,1.0803,0.5560,0.2667,0.1838,0.2581,0.4333
4/11/2024,0.6100,0.3462,0.6158,1.1744,0.5023,0.1722,0.2975,0.2681,0.4222
4/12/2024,0.8317,0.3495,0.6017,0.9066,0.4379,0.2833,0.2654,0.2406,0.3333
4/13/2024,0.6117,0.3787,0.6633,0.7262,0.3808,0.2167,0.2573,0.2081,0.3389
4/14/2024,,,,,,,,,
4/15/2024,0.6717,0.3372,0.6292,0.7331,0.4858,0.3389,0.2415,0.2850,0.4278
4/16/2024,0.5617,0.2650,0.5658,1.0197,0.5194,0.4111,0.2015,0.3937,0.5500
4/17/2024,0.4467,0.3235,0.4833,0.7981,0.4798,0.4167,0.1774,0.2756,0.6778
4/18/2024,0.4983,0.3210,0.4233,0.8353,0.4902,0.3000,0.2435,0.2544,0.6278
4/19/2024,0.7733,0.2602,0.4108,0.8075,0.4054,0.5611,0.2399,0.2200,0.3278
4/20/2024,0.2217,0.2823,0.4233,0.8772,0.4817,0.3444,0.2124,0.1875,0.3000
4/21/2024,,,,,,,,,
4/22/2024,0.3300,0.2947,0.4717,0.9794,0.5140,0.3000,0.2234,0.1788,0.5000
4/23/2024,0.3317,0.3075,0.4908,0.9256,0.4738,0.3333,0.1618,0.1194,0.5056
4/24/2024,0.5050,0.3205,0.4708,0.9956,0.5017,0.4111,0.1733,0.1350,0.8889
4/25/2024,0.2817,0.3545,0.5600,0.7972,0.5083,0.2389,0.4318,0.1969,0.8056
4/26/2024,0.3350,0.3110,0.5483,0.8781,0.4367,0.3556,0.3346,0.1544,0.3444
4/27/2024,0.2783,0.3265,0.5542,0.8281,0.4498,0.3000,0.2546,0.2013,0.3889
4/28/2024,,,,,,,,,
4/29/2024,0.5583,0.3330,0.6558,0.8597,0.5212,0.2889,0.2045,0.2612,0.3778
4/30/2024,0.8850,0.3452,0.6833,1.2350,0.6081,0.5944,0.2245,0.2475,0.2556
5/1/2024,0.6750,0.3258,0.6283,1.2337,0.5981,0.5611,0.1962,0.2294,0.3500
5/2/2024,0.5650,0.3400,0.6575,1.2453,0.7971,0.5389,0.2028,0.2250,0.3889
5/3/2024,0.9683,0.3230,0.7425,1.1747,0.6156,0.3278,0.1927,0.1856,0.3444
5/4/2024,0.6333,0.3730,0.6533,1.1012,0.5529,0.3389,0.1862,0.1725,0.4000
5/5/2024,,,,,,,,,
5/6/2024,0.5067,0.3700,0.5992,1.0112,0.5302,0.7111,0.2589,0.2469,0.3444
5/7/2024,0.5650,0.3238,0.6492,1.1228,0.5758,0.5722,0.3370,0.2725,0.6833
5/8/2024,0.4967,0.3357,0.6167,0.7588,0.4083,0.5222,0.2704,0.1856,0.4222
5/9/2024,0.5517,0.2925,0.5858,0.8103,0.3727,0.2222,0.2001,0.1862,0.3778
5/10/2024,0.5567,0.2592,0.6342,0.5678,0.3092,0.2889,0.3529,0.1350,0.3444
5/11/2024,0.4483,0.2320,0.6550,0.9534,0.4594,0.1944,0.2076,0.1350,0.4667
5/12/2024,,,,,,,,,
5/13/2024,0.6667,0.2942,0.6950,1.2584,0.7263,0.2167,0.1767,0.1331,0.4667
5/14/2024,0.3283,0.3468,0.6758,1.0922,0.5667,0.2611,0.1528,0.1056,0.3389
5/15/2024,0.3317,0.2848,0.6717,0.8444,0.5056,0.1333,0.1362,0.0869,0.3833
5/16/2024,0.3883,0.2405,0.6650,0.6809,0.3715,0.3333,0.1824,0.1331,0.3778
5/17/2024,0.5550,0.2832,0.6342,0.5000,0.2865,0.4722,0.1301,0.1081,0.3389
5/18/2024,0.5017,0.3317,0.6875,0.6491,0.3517,0.2333,0.1392,0.1081,0.3833
5/19/2024,,,,,,,,,
5/20/2024,,,,,,,,,
5/21/2024,,,,,,,,,
5/22/2024,,,,,,,,,
5/23/2024,,,,,,,,,
5/24/2024,,,,,,,,,
5/25/2024,,,,,,,,,
5/26/2024,,,,,,,,,
5/27/2024,,,,,,,,,
5/28/2024,,,,,,,,,
5/29/2024,,,,,,,,,
5/30/2024,,,,,,,,,
5/31/2024,,,,,,,,,
6/1/2024,,,,,,,,,
6/2/2024,,,,,,,,,
6/3/2024,0.5750,0.3130,0.7183,1.2294,0.5804,0.4111,0.1641,0.3181,0.3944
6/4/2024,0.4000,0.3695,0.8008,1.0222,0.5225,0.5222,0.1615,0.2425,0.5667
6/5/2024,0.5733,0.2902,0.7650,0.5869,0.3483,0.3333,0.1657,0.2762,0.7889
6/6/2024,0.4583,0.3032,0.7825,0.6906,0.3965,0.3278,0.1408,0.2006,0.5667
6/7/2024,0.5750,0.3373,0.7958,0.7659,0.3933,0.3722,0.1319,0.2638,0.3556
6/8/2024,0.6300,0.3843,0.7750,0.6625,0.4171,0.4333,0.1332,0.2625,0.4333
6/9/2024,,,,,,,,,
6/10/2024,0.5200,0.3605,0.9150,1.2331,0.4475,0.5056,0.1676,0.5606,0.4444
6/11/2024,0.6350,0.4055,0.8467,1.0719,0.5446,0.6222,0.1627,0.5656,0.4000
6/12/2024,0.3983,0.3840,0.7508,1.3462,0.6590,0.5278,0.1514,0.2681,0.3500
6/13/2024,0.5700,0.3335,0.8242,1.0269,0.5131,0.3556,0.1556,0.3444,0.4833
6/14/2024,0.3400,0.2712,0.6725,0.5678,0.3104,0.3556,0.1599,0.2806,0.3500
6/15/2024,0.4000,0.2895,0.7192,0.5384,0.3085,0.4556,0.1492,0.2819,0.3556
6/16/2024,,,,,,,,,
6/17/2024,0.3467,0.2920,0.8342,0.6272,0.3515,0.4500,0.1621,0.4175,0.7889
6/18/2024,0.9150,0.2835,0.8433,0.7928,0.4158,0.4500,0.1690,0.3487,0.5667
6/19/2024,0.9917,0.3235,0.8292,0.7072,0.4667,0.5111,0.1776,0.4144,0.8833
6/20/2024,0.4567,0.2855,0.7900,0.7197,0.4017,0.4000,0.1954,0.3856,0.6389
6/21/2024,0.6850,0.2700,0.8525,0.7381,0.3808,0.3278,0.1979,0.3994,0.6111
6/22/2024,0.4033,0.3100,0.8100,1.0212,0.5225,0.3278,0.1830,0.4037,0.5722
6/23/2024,,,,,,,,,
6/24/2024,0.3417,0.3795,0.8033,0.9091,0.4694,0.4611,0.1766,0.3638,0.4389
6/25/2024,0.5717,0.3603,0.8442,0.9056,0.5700,0.3333,0.1909,0.2406,0.7444
6/26/2024,0.2867,0.3045,0.7917,0.9156,0.4367,0.4278,0.1478,0.1119,0.6111
6/27/2024,0.5233,0.3687,0.8550,0.6809,0.4206,0.5500,0.1561,0.3012,0.5722
6/28/2024,0.4033,0.4132,0.9042,0.8966,0.4796,0.6778,0.1799,0.3006,0.7444
6/29/2024,0.4067,0.3910,0.8625,0.9694,0.4527,0.4333,0.1795,0.2800,0.5778
6/30/2024,,,,,,,,,
7/1/2024,0.4083,0.3660,0.9133,0.9025,0.5098,0.7278,0.1371,0.1275,0.6222
7/2/2024,0.2333,0.2438,0.8325,0.8481,0.3677,0.3889,0.1397,0.0975,0.4000
7/3/2024,0.2267,0.2442,0.6533,0.7694,0.4448,0.4778,0.2776,0.0756,0.3556
7/4/2024,0.3400,0.2852,0.6617,0.9934,0.5021,0.4889,0.1421,0.1444,0.4444
7/5/2024,0.4583,0.2995,0.7525,1.2134,0.6154,0.7722,0.2799,0.1325,0.4444
7/6/2024,0.3450,0.3010,0.7975,1.1066,0.5525,0.7389,0.1834,0.1325,0.4000
7/7/2024,,,,,,,,,
7/8/2024,0.4633,0.3548,0.8717,1.1553,0.5635,0.9000,0.1561,0.1963,0.6556
7/9/2024,0.3450,0.3040,0.9458,1.2653,0.6138,0.4056,0.1491,0.1256,0.5333
7/10/2024,0.2900,0.3682,0.9692,1.0922,0.5538,0.4222,0.2378,0.1400,0.6222
7/11/2024,0.5833,0.4118,0.9808,1.2309,0.5769,0.8056,0.2566,0.1544,0.7556
7/12/2024,0.4117,0.4610,0.9833,1.8450,0.8000,1.0556,0.2950,0.1906,0.6667
7/13/2024,0.3550,0.4075,0.9892,1.5559,0.7188,0.7278,0.2931,0.1862,0.7667
7/14/2024,,,,,,,,,
7/15/2024,0.3533,0.4700,0.9875,1.2275,0.6096,0.8000,0.2255,0.1631,0.8944
7/16/2024,0.4700,0.3835,1.0392,1.1319,0.5090,0.4056,0.1788,0.1762,0.7111
7/17/2024,0.4083,0.3640,1.0525,0.8375,0.4658,0.4500,0.1550,0.1550,0.4444
7/18/2024,0.2917,0.3075,0.9192,0.6750,0.3623,0.3667,0.1264,0.1125,0.4000
7/19/2024,0.3433,0.3470,0.9283,0.8681,0.4375,0.3889,0.1781,0.1600,0.4889
7/20/2024,0.3450,0.3660,0.8808,0.7841,0.3440,0.3667,0.1658,0.1406,0.4444
7/21/2024,,,,,,,,,
7/22/2024,0.6367,0.3035,0.9475,0.6916,0.3906,0.3500,0.1168,0.1400,0.5778
7/23/2024,0.6350,0.3193,0.9233,0.6656,0.4367,0.2944,0.1049,0.1606,0.7944
7/24/2024,0.4617,0.2858,0.9008,0.6550,0.3894,0.3056,0.1442,0.1188,0.7556
7/25/2024,0.3467,0.1672,0.8208,0.5453,0.4460,0.3056,0.1045,0.0700,0.5722
7/26/2024,0.4050,0.2217,0.7858,0.6450,0.5287,0.2444,0.1208,0.0900,0.4889
7/27/2024,0.3467,0.2608,0.7683,0.8000,0.4308,0.4333,0.1282,0.1331,0.4444
7/28/2024,,,,,,,,,
7/29/2024,,,,,,,,,
7/30/2024,,,,,,,,,
7/31/2024,,,,,,,,,
8/1/2024,,,,,,,,,
8/2/2024,,,,,,,,,
8/3/2024,,,,,,,,,
8/4/2024,,,,,,,,,
8/5/2024,,,,,,,,,
8/6/2024,,,,,,,,,
8/7/2024,,,,,,,,,
8/8/2024,,,,,,,,,
8/9/2024,,,,,,,,,
8/10/2024,,,,,,,,,
8/11/2024,,,,,,,,,
8/12/2024,0.5750,0.3250,0.8508,0.6341,0.3723,0.3889,0.1389,0.5494,1.0056
8/13/2024,0.9233,0.3447,0.8850,1.3044,0.6302,0.3722,0.2085,0.3875,0.7500
8/14/2024,0.5167,0.3038,0.8442,0.9553,0.4940,0.2944,0.1872,0.3956,0.4833
8/15/2024,0.5183,0.2553,0.8750,0.8409,0.4765,0.4556,0.1602,0.3850,0.8778
8/16/2024,0.5800,0.3110,0.8442,1.0503,0.5208,0.3556,0.1611,0.3006,0.6167
8/17/2024,0.5850,0.3535,0.8850,0.8941,0.4502,0.3333,0.1678,0.3556,0.4444
8/18/2024,,,,,,,,,
8/19/2024,0.4700,0.3492,0.9083,1.0766,0.5106,0.2667,0.1800,0.3825,0.4444
8/20/2024,0.3500,0.3487,1.0167,0.8041,0.3813,0.2611,0.2249,0.4000,0.3556
8/21/2024,0.8767,0.3425,1.1058,0.7081,0.4362,0.2222,0.2455,0.3175,0.4889
8/22/2024,0.5733,0.3045,0.8617,0.5759,0.3183,0.2722,0.3644,0.3269,0.5278
8/23/2024,0.5050,0.4002,0.9042,0.9837,0.4623,0.2222,0.5759,0.3019,0.3944
8/24/2024,0.9150,0.3838,0.9050,1.1000,0.5631,0.2333,0.3304,0.3994,0.5278
8/25/2024,,,,,,,,,
8/26/2024,,,,,,,,,
8/27/2024,0.5217,0.3778,0.9617,0.9962,0.5415,0.3111,0.3076,0.3856,0.2667
8/28/2024,0.4617,0.4370,0.9575,0.9059,0.4729,0.3222,0.3156,0.3362,0.3944
8/29/2024,0.5183,0.4025,0.9392,0.6356,0.4515,0.2111,0.3092,0.3288,0.7500
8/30/2024,0.5800,0.4437,0.9492,0.5962,0.3744,0.1667,0.2999,0.3487,0.7944
8/31/2024,1.0900,0.4582,0.9175,0.9688,0.4260,0.2833,0.3095,0.3262,0.3944
9/1/2024,,,,,,,,,
9/2/2024,0.6317,0.4402,0.9567,0.7972,0.4748,0.4222,0.3641,0.3969,0.7444
9/3/2024,1.0900,0.4680,1.0750,1.0031,0.5252,0.4889,0.3979,0.5181,0.3444
9/4/2024,0.8550,0.4557,1.0500,0.6375,0.4085,0.5222,0.3889,0.5100,0.5222
9/5/2024,0.9167,0.4682,0.9183,0.6169,0.4085,0.2500,0.3404,0.5038,0.6167
9/6/2024,0.8517,0.4760,0.8867,0.7684,0.3550,0.2833,0.2682,0.3787,0.4833
9/7/2024,0.6217,0.4342,0.8583,0.4928,0.2527,0.2444,0.3936,0.3006,0.4333
9/8/2024,,,,,,,,,
9/9/2024,,,,,,,,,
9/10/2024,,,,,,,,,
9/11/2024,,,,,,,,,
9/12/2024,,,,,,,,,
9/13/2024,,,,,,,,,
9/14/2024,,,,,,,,,
9/15/2024,,,,,,,,,
9/16/2024,0.4583,0.4360,0.6158,1.2047,0.4867,0.4222,0.3041,0.2206,0.6556
9/17/2024,0.8433,0.4285,0.7383,1.1669,0.5660,0.3056,0.2584,0.2106,0.4722
9/18/2024,0.6150,0.4092,0.8392,0.7378,0.3935,0.2778,0.3848,0.2362,0.3833
9/19/2024,0.3900,0.4438,0.6567,0.6466,0.3433,0.5722,0.3938,0.2694,0.5056
9/20/2024,1.1083,0.3755,0.7808,0.8969,0.4338,0.5556,0.2995,0.2069,0.5000
9/21/2024,1.2233,0.3742,0.6933,0.7169,0.3781,0.2500,0.2950,0.2144,0.3000
9/22/2024,,,,,,,,,
9/23/2024,0.8967,0.3537,0.8867,1.0191,0.7767,0.5500,0.3060,0.5206,0.4278
9/24/2024,0.6817,0.3722,0.6917,1.6262,0.8004,0.5056,0.4309,0.3069,0.6389
9/25/2024,0.7417,0.4330,0.6892,0.9150,0.4425,0.5778,0.5028,0.3356,0.6889
9/26/2024,0.5733,0.4418,0.6883,0.6944,0.4642,0.3944,0.5651,0.2131,0.3111
9/27/2024,0.5150,0.4155,0.7417,0.8225,0.4288,0.3833,0.3915,0.2975,0.3944
9/28/2024,0.5733,0.4250,0.8083,0.5334,0.3792,0.2556,0.2820,0.1944,0.4833
9/29/2024,,,,,,,,,
9/30/2024,0.6067,0.3743,0.5717,0.5825,0.2802,0.1889,0.2874,0.2662,0.4556
10/1/2024,0.4400,0.3510,0.5108,0.9822,0.5021,0.3222,0.1529,0.2788,0.3667
10/2/2024,0.6067,0.3800,0.5083,1.0825,0.5950,0.2889,0.1936,0.1931,0.5111
10/3/2024,0.6700,0.3692,0.6500,0.9422,0.5940,0.3944,0.3385,0.2631,0.5944
10/4/2024,0.5083,0.3965,0.6733,1.2697,0.6183,0.6333,0.7182,0.2719,0.3833
10/5/2024,0.3967,0.4150,0.5250,0.6791,0.4446,0.4500,0.3948,0.1850,0.4333
10/6/2024,,,,,,,,,
10/7/2024,0.3867,0.3655,0.4825,0.8012,0.4062,0.7000,0.4420,0.3019,0.6389
10/8/2024,0.4967,0.4050,0.7192,1.1906,0.5823,0.5000,0.4348,0.2675,0.2944
10/9/2024,0.3950,0.4112,0.5617,0.7844,0.7400,0.5833,0.4372,0.2919,0.5111
10/10/2024,0.7317,0.4202,0.5750,0.8331,0.7125,0.7278,0.4486,0.3262,0.4667
10/11/2024,0.5100,0.3640,0.5208,0.7441,0.4115,0.7500,0.6466,0.2594,0.3444
10/12/2024,0.4967,0.4160,0.6417,0.6569,0.4344,0.4611,0.4268,0.3406,0.4167
10/13/2024,,,,,,,,,
10/14/2024,0.6067,0.3580,0.5133,1.0200,0.3702,0.4833,0.4182,0.2513,0.3667
10/15/2024,0.4867,0.3380,0.4992,1.3525,0.6850,0.3167,0.4629,0.3081,0.4500
10/16/2024,0.7067,0.3842,0.6192,0.8631,0.4625,0.2667,0.3484,0.2288,0.4889
10/17/2024,0.4817,0.3983,0.6025,0.7269,0.4154,0.1222,0.2599,0.2062,0.3667
10/18/2024,0.3167,0.3518,0.7067,0.9756,0.5131,0.3167,0.2622,0.1937,0.3611
10/19/2024,0.6350,0.3452,0.6233,0.9787,0.5083,0.2556,0.2200,0.2206,0.3222
10/20/2024,,,,,,,,,
10/21/2024,0.5833,0.3500,0.7092,1.0134,0.8398,0.4389,0.1771,0.2062,0.4500
10/22/2024,0.4300,0.3545,0.7450,1.0656,0.5463,0.2056,0.2541,0.1362,0.4833
10/23/2024,0.4833,0.3747,0.7233,0.7584,0.5031,0.4000,0.3426,0.4169,0.4944
10/24/2024,0.5283,0.3935,0.7067,1.1112,0.6621,0.3167,0.4161,0.5394,0.6111
10/25/2024,0.4800,0.3740,0.6425,1.2269,0.5954,0.4667,0.3811,0.2631,0.3556
10/26/2024,0.3750,0.3840,0.5892,0.9166,0.8192,0.3444,0.2824,0.2125,0.3611
10/27/2024,,,,,,,,,
10/28/2024,0.4383,0.3618,0.7058,0.7800,0.5846,0.5167,0.2848,0.1781,0.4556
10/29/2024,0.5417,0.3840,0.7333,0.5394,0.3538,0.5389,0.1822,0.1381,0.8667
10/30/2024,0.3317,0.3893,0.6758,0.5625,0.4913,0.5056,0.1136,0.1338,0.6000
10/31/2024,0.3850,0.3910,0.6317,0.8225,0.4435,0.4556,0.2040,0.1394,0.5056
11/1/2024,0.2783,0.3550,0.4975,0.7756,0.4169,0.3944,0.3246,0.1338,0.3444
11/2/2024,0.3783,0.3562,0.5183,0.9047,0.3269,0.4000,0.2396,0.1719,0.4611
11/3/2024,,,,,,,,,
11/4/2024,0.2650,0.3235,0.5858,0.6453,0.3646,0.4222,0.2105,0.2269,0.6556
11/5/2024,0.4783,0.3447,0.6250,1.0231,0.4242,0.5611,0.4075,0.2262,0.6167
11/6/2024,0.7400,0.3950,0.8042,1.1125,0.6488,0.5889,0.4766,0.2431,0.5222
11/7/2024,0.5783,0.3980,0.9583,1.0806,0.9525,0.6611,0.2986,0.2181,0.4000
11/8/2024,0.3700,0.4033,0.6692,1.1141,0.5762,0.5222,0.2324,0.1475,0.3944
11/9/2024,0.3200,0.3735,0.4967,0.8094,0.3908,0.4278,0.2376,0.1538,0.5278
11/10/2024,,,,,,,,,
11/11/2024,0.3717,0.3792,0.6100,0.7284,0.3494,0.5722,0.2449,0.1725,0.6000
11/12/2024,0.4233,0.3642,0.5733,0.8456,0.4796,0.2722,0.2452,0.1725,0.3556
11/13/2024,0.4250,0.3228,0.5833,1.0000,0.5598,0.3833,0.1835,0.1656,0.3500
11/14/2024,,,,,,,,,
11/15/2024,,,,,,,,,
11/16/2024,,,,,,,,,
11/17/2024,,,,,,,,,
11/18/2024,,,,,,,,,
11/19/2024,,,,,,,,,
11/20/2024,,,,,,,,,
11/21/2024,,,,,,,,,
11/22/2024,,,,,,,,,
11/23/2024,,,,,,,,,
11/24/2024,,,,,,,,,
11/25/2024,,,,,,,,,
11/26/2024,,,,,,,,,
11/27/2024,,,,,,,,,
11/28/2024,,,,,,,,,
11/29/2024,,,,,,,,,
11/30/2024,,,,,,,,,
12/1/2024,,,,,,,,,
12/2/2024,,,,,,,,,
12/3/2024,,,,,,,,,
12/4/2024,,,,,,,,,
12/5/2024,,,,,,,,,
12/6/2024,,,,,,,,,
12/7/2024,,,,,,,,,
12/8/2024,,,,,,,,,
12/9/2024,0.3200,0.3570,0.5075,0.5375,0.2260,0.2722,0.1381,0.1419,0.2778
12/10/2024,0.2650,0.3517,0.6042,0.8684,0.4398,0.3389,0.2448,0.1738,0.3667
12/11/2024,0.2133,0.3502,0.6017,1.0781,0.5646,0.4111,0.2165,0.1100,0.4833
12/12/2024,0.2667,0.3258,0.5217,1.1725,0.5585,0.2833,0.2114,0.1306,0.4500
12/13/2024,,,,,,,,,
12/14/2024,,,,,,,,,
12/15/2024,,,,,,,,,
12/16/2024,,,,,,,,,
12/17/2024,,,,,,,,,
12/18/2024,,,,,,,,,
12/19/2024,,,,,,,,,
12/20/2024,,,,,,,,,
12/21/2024,,,,,,,,,
12/22/2024,,,,,,,,,
12/23/2024,,,,,,,,,
12/24/2024,,,,,,,,,
12/25/2024,,,,,,,,,
12/26/2024,,,,,,,,,
12/27/2024,,,,,,,,,
12/28/2024,,,,,,,,,
12/29/2024,,,,,,,,,
12/30/2024,,,,,,,,,
12/31/2024,,,,,,,,,
1/1/2025,0.3200,0.3680,0.5550,0.6834,0.3604,0.2389,0.2566,0.1369,0.3667
1/2/2025,0.2750,0.3248,0.5325,0.7553,0.3854,0.3167,0.1694,0.1381,0.3278
1/3/2025,0.3217,0.3397,0.5258,0.9516,0.4875,0.3778,0.1736,0.1719,0.2778
1/4/2025,0.3150,0.3587,0.5500,0.9806,0.4419,0.4222,0.1555,0.1769,0.3222
1/5/2025,,,,,,,,,
1/6/2025,0.4267,0.3417,0.5583,1.0506,0.5346,0.2778,0.2029,0.1588,0.3611
1/7/2025,0.4867,0.3650,0.5792,0.9866,0.5271,0.2833,0.2115,0.1981,0.3667
1/8/2025,0.4917,0.3692,0.6250,1.3166,0.6633,0.2556,0.2359,0.1788,0.5056
1/9/2025,0.4383,0.3472,0.5883,1.1666,0.5806,0.3333,0.1579,0.2100,0.5444
1/10/2025,0.4900,0.3300,0.5267,0.9406,0.4962,0.3944,0.1640,0.1906,0.6167
1/11/2025,0.3200,0.3818,0.6600,0.6166,0.3831,0.9167,0.1596,0.2288,0.4056
1/12/2025,,,,,,,,,
1/13/2025,0.3650,0.3575,0.5958,0.6306,0.2898,0.7222,0.1770,0.1813,0.6556
1/14/2025,0.4167,0.3615,0.5867,1.0372,0.5167,0.3000,0.1077,0.1944,0.3667
1/15/2025,0.4783,0.3760,0.5450,1.2016,0.6013,0.5056,0.1032,0.1419,0.3167
1/16/2025,0.3683,0.3888,0.5425,1.0394,0.4737,0.2667,0.1842,0.1019,0.4722
1/17/2025,0.3183,0.3785,0.5975,0.5672,0.3023,0.4444,0.1956,0.1712,0.3944
1/18/2025,0.4267,0.3738,0.5583,0.4322,0.2613,0.3333,0.1776,0.1725,0.2778
1/19/2025,,,,,,,,,
1/20/2025,0.9017,0.3412,0.9508,1.1094,0.8615,0.4278,0.2286,0.1425,0.4556
1/21/2025,0.5317,0.3067,0.6975,0.6787,0.4188,0.5444,0.2164,0.1356,0.5722
1/22/2025,0.3200,0.3320,0.5258,0.4088,0.2992,0.5778,0.1935,0.1887,0.6167
1/23/2025,0.3733,0.3532,0.6000,0.6712,0.4083,0.6278,0.4170,0.1556,0.4500
1/24/2025,0.2683,0.3588,0.5508,0.5947,0.3217,0.4111,0.4182,0.1100,0.3611
1/25/2025,0.3733,0.3367,0.5933,0.5128,0.2390,0.2889,0.1764,0.1231,0.3222
1/26/2025,,,,,,,,,
1/27/2025,,,,,,,,,
1/28/2025,,,,,,,,,
1/29/2025,,,,,,,,,
1/30/2025,,,,,,,,,
1/31/2025,,,,,,,,,
2/1/2025,,,,,,,,,
2/2/2025,,,,,,,,,
2/3/2025,,,,,,,,,
2/4/2025,,,,,,,,,
2/5/2025,,,,,,,,,
2/6/2025,,,,,,,,,
2/7/2025,,,,,,,,,
2/8/2025,,,,,,,,,
2/9/2025,,,,,,,,,
2/10/2025,,,,,,,,,
2/11/2025,,,,,,,,,
2/12/2025,,,,,,,,,
2/13/2025,,,,,,,,,
2/14/2025,,,,,,,,,
2/15/2025,,,,,,,,,
2/16/2025,,,,,,,,,
2/17/2025,0.6133,0.3590,0.6900,1.0191,0.4479,0.3500,0.1714,0.7875,0.4000
2/18/2025,0.6117,0.3513,0.6217,1.2919,0.5694,0.5389,0.1756,0.2794,0.5722
2/19/2025,0.3583,0.3967,0.6467,0.8825,0.5412,0.6000,0.1794,0.4025,0.3667
2/20/2025,0.4600,0.3450,0.6458,0.9338,0.4377,0.2667,0.5162,0.2650,0.2778
2/21/2025,0.5567,0.3858,0.7217,0.6584,0.3490,0.4167,0.2122,0.2250,0.2333
2/22/2025,0.3050,0.3635,0.5350,0.6353,0.3325,0.4333,0.1568,0.1800,0.2778
2/23/2025,,,,,,,,,
2/24/2025,1.2450,0.3470,0.9158,0.9003,0.8602,0.3889,0.1734,0.5269,0.4056
2/25/2025,1.5167,0.3333,0.7333,1.0206,0.5273,1.3056,0.1110,0.5744,0.3667
2/26/2025,0.5283,0.3545,0.8450,0.6656,0.5444,0.7722,0.2081,0.3775,0.2333
2/27/2025,0.6950,0.3438,0.6408,0.6953,0.3654,0.4778,0.2081,0.2019,0.3222
2/28/2025,0.3750,0.3305,0.6233,0.4509,0.3067,1.0889,0.2719,0.1494,0.2778
3/1/2025,0.3733,0.3212,0.6333,0.4488,0.3696,0.9111,0.1761,0.2000,0.2778
3/2/2025,,,,,,,,,
3/3/2025,0.3200,0.3712,0.5325,0.6887,0.3523,0.4556,0.1589,0.2056,0.2778
3/4/2025,0.4867,0.3915,0.5342,0.6906,0.4144,0.3389,0.2329,0.1431,0.3222
3/5/2025,0.8117,0.3362,0.5950,0.7803,0.4131,0.2722,0.3989,0.1888,0.2778
3/6/2025,1.5233,0.3612,0.6675,0.8753,0.3525,0.1889,0.2374,0.1250,0.3222
3/7/2025,1.7867,0.3405,0.8650,0.8978,0.4231,0.2944,0.3103,0.1175,0.2333
3/8/2025,2.6617,0.3770,0.7950,0.7759,0.6840,0.3389,0.2439,0.0912,0.3667
3/9/2025,,,,,,,,,
3/10/2025,0.8817,0.3637,0.5400,1.2000,0.5202,0.3000,0.2642,0.1669,0.3333
3/11/2025,0.9650,0.3715,0.7500,0.7762,0.4740,0.3167,0.2695,0.1750,0.4000
3/12/2025,0.3950,0.3307,0.6000,0.7353,0.4079,0.3333,0.3602,0.1225,0.3500
3/13/2025,0.3950,0.3268,0.6717,0.8331,0.4646,0.4167,0.2560,0.1762,0.3444
3/14/2025,0.7283,0.3615,0.6242,0.7222,0.4117,0.3167,0.2187,0.1494,0.3500
3/15/2025,0.2750,0.3575,0.5858,0.6122,0.3306,0.2722,0.2359,0.1256,0.3222
3/16/2025,,,,,,,,,
3/17/2025,0.5400,0.3228,0.6025,0.6309,0.3417,0.2556,0.2626,0.2362,0.3222
3/18/2025,0.6817,0.3062,0.6017,0.8362,0.3087,0.4278,0.3116,0.2319,0.3222
3/19/2025,0.5333,0.2628,0.6192,0.9597,0.3656,0.3167,0.2985,0.1737,0.2778
3/20/2025,1.3883,0.2755,0.6158,0.9103,0.5933,0.7944,0.1962,0.1750,0.2778
3/21/2025,1.2950,0.3258,0.7717,0.7688,0.4244,0.2833,0.1589,0.1369,0.2778
3/22/2025,1.1500,0.4058,0.6150,0.7513,0.4254,0.2444,0.1858,0.1706,0.3333
3/23/2025,,,,,,,,,
3/24/2025,0.3317,0.3938,0.5783,1.0278,0.3846,0.3722,0.2230,0.2519,0.3389
3/25/2025,0.6067,0.3420,0.6283,1.2331,0.6244,0.3778,0.1396,0.3850,0.4556
3/26/2025,1.0333,0.3470,0.6283,1.2675,0.6994,0.3667,0.4468,0.3081,0.3722
3/27/2025,0.5483,0.3380,0.6467,0.7178,0.5446,0.2333,0.2521,0.2050,0.3778
3/28/2025,0.6017,0.3145,0.6258,0.6197,0.4131,0.2722,0.2121,0.1456,0.5056
3/29/2025,0.6100,0.3445,0.6408,0.7709,0.3581,0.2222,0.2202,0.1200,0.4222
3/30/2025,,,,,,,,,
3/31/2025,0.3350,0.3462,0.5917,1.1997,0.4398,0.3333,0.1990,0.1481,0.3444
4/1/2025,0.4417,0.3568,0.4958,0.8425,0.4310,0.2889,0.2117,0.1600,0.4278
4/2/2025,0.3850,0.3625,0.5392,0.6619,0.3802,0.2611,0.3761,0.1456,0.2556
4/3/2025,0.4433,0.3395,0.5233,0.5909,0.3629,0.1944,0.2659,0.1331,0.2944
4/4/2025,0.6617,0.3290,0.6342,0.5397,0.3177,0.2500,0.2230,0.1669,0.4611
4/5/2025,0.5550,0.3450,0.6042,0.4025,0.4631,0.1556,0.2120,0.1269,0.4278
4/6/2025,,,,,,,,,
4/7/2025,0.4833,0.3335,0.5083,0.5338,0.3025,0.1667,0.2141,0.1444,0.2778
4/8/2025,0.5317,0.3117,0.5575,0.8972,0.4702,0.6778,0.1774,0.2987,0.2778
4/9/2025,0.3217,0.3147,0.5317,0.9847,0.4573,0.9222,0.1967,0.2362,0.2333
4/10/2025,0.2683,0.2835,0.6092,0.9872,0.4827,0.3278,0.1444,0.2162,0.3667
4/11/2025,0.4850,0.2848,0.6350,0.7678,0.4258,0.3222,0.1559,0.1312,0.2778
4/12/2025,0.7083,0.2997,0.5900,0.6463,0.3754,0.2667,0.2012,0.0919,0.2333
4/13/2025,0.3317,0.2930,0.5142,1.0041,0.3881,0.3889,0.2447,0.2825,0.2944
4/14/2025,0.3317,0.2930,0.5142,1.0041,0.3881,0.3889,0.2447,0.2825,0.2944
4/15/2025,0.4950,0.2708,0.5867,0.7969,0.4040,0.4222,0.1859,0.2250,0.4611
4/16/2025,0.4483,0.2400,0.6075,0.6409,0.3258,0.2389,0.1530,0.1612,0.5111
4/17/2025,0.4233,0.2958,0.5783,0.7512,0.3788,0.3278,0.1527,0.1212,0.3444
4/18/2025,0.4517,0.2948,0.6042,0.6881,0.3692,0.2556,0.1460,0.1294,0.3556
4/19/2025,0.4517,0.3055,0.5142,0.7434,0.4248,0.2722,0.1722,0.1844,0.3889
4/20/2025,0.7900,0.3047,0.6100,1.3206,0.3852,0.3278,0.1847,0.2319,0.3056
4/21/2025,0.7900,0.3048,0.6100,1.3206,0.3852,0.3278,0.1847,0.2319,0.3056
4/22/2025,0.6250,0.3538,0.6150,2.8519,0.5177,0.2556,0.1535,0.2325,0.3944
4/23/2025,0.9100,0.3495,0.6458,1.1691,0.4923,0.1833,0.1739,0.1775,0.7000
4/24/2025,0.5100,0.3100,0.6892,0.8697,0.4783,0.3222,0.1695,0.1244,0.6056
4/25/2025,0.6817,0.2887,0.6350,1.1156,0.5762,0.2333,0.1559,0.1444,0.4333
4/26/2025,0.2767,0.2922,0.6133,1.0666,0.4692,0.2500,0.1401,0.1269,0.2556
4/27/2025,,,,,,,,,
4/28/2025,0.3800,0.3162,0.5975,1.5013,0.3935,0.3444,0.1492,0.3525,0.3389
4/29/2025,0.4467,0.3278,0.5617,0.9797,0.3894,0.2333,0.3316,0.3894,0.3056
4/30/2025,0.3350,0.3462,0.5392,1.0825,0.5694,0.4667,0.3476,0.2506,0.3056
5/1/2025,0.5567,0.3235,0.6242,0.9156,0.6471,0.4944,0.2716,0.1881,0.3056
5/2/2025,0.5533,0.3165,0.5925,0.7447,0.3594,0.3944,0.2866,0.1344,0.3889
5/3/2025,0.3383,0.3497,0.5250,0.9172,0.3944,0.2556,0.2257,0.1431,0.4389
5/4/2025,,,,,,,,,
5/5/2025,,,,,,,,,
5/6/2025,,,,,,,,,
5/7/2025,,,,,,,,,
5/8/2025,,,,,,,,,
5/9/2025,,,,,,,,,
5/10/2025,,,,,,,,,
5/11/2025,,,,,,,,,
5/12/2025,,,,,,,,,
5/13/2025,,,,,,,,,
5/14/2025,,,,,,,,,
5/15/2025,,,,,,,,,
5/16/2025,,,,,,,,,
5/17/2025,,,,,,,,,
5/18/2025,,,,,,,,,
5/19/2025,,,,,,,,,
5/20/2025,,,,,,,,,
5/21/2025,,,,,,,,,
5/22/2025,,,,,,,,,
5/23/2025,,,,,,,,,
5/24/2025,,,,,,,,,
5/25/2025,,,,,,,,,
5/26/2025,,,,,,,,,
5/27/2025,,,,,,,,,
5/28/2025,,,,,,,,,
5/29/2025,,,,,,,,,
5/30/2025,,,,,,,,,
5/31/2025,,,,,,,,,
6/1/2025,,,,,,,,,
6/2/2025,,,,,,,,,
6/3/2025,,,,,,,,,
6/4/2025,,,,,,,,,
6/5/2025,,,,,,,,,
6/6/2025,,,,,,,,,
6/7/2025,,,,,,,,,
6/8/2025,,,,,,,,,
6/9/2025,,,,,,,,,
6/10/2025,,,,,,,,,
6/11/2025,,,,,,,,,
6/12/2025,,,,,,,,,
6/13/2025,,,,,,,,,
6/14/2025,,,,,,,,,
6/15/2025,,,,,,,,,
6/16/2025,,,,,,,,,
6/17/2025,,,,,,,,,